text,time,last_name,email,gender,ip_address
Up-sized dynamic protocol,125,Gidden,ggidden0@google.com.br,Female,170.217.185.187
Devolved fault-tolerant ability,93,Adamov,sadamov1@theatlantic.com,Male,116.224.118.204
Object-based coherent infrastructure,36,Chessman,bchessman2@washingtonpost.com,Male,133.98.243.24
Fully-configurable maximized core,165,Petley,bpetley3@miitbeian.gov.cn,Male,175.116.243.105
Diverse even-keeled customer loyalty,72,Sweeten,bsweeten4@goo.ne.jp,Female,211.68.67.63
Centralized 5th generation frame,96,Finlayson,bfinlayson5@weebly.com,Female,146.132.37.156
Extended upward-trending emulation,170,Dudney,vdudney6@last.fm,Female,130.240.30.79
Fundamental bandwidth-monitored knowledge user,184,Carbert,rcarbert7@weather.com,Female,229.222.82.183
Balanced tertiary matrices,26,Prescot,nprescot8@clickbank.net,Male,129.67.158.115
Down-sized context-sensitive pricing structure,184,Shoutt,jshoutt9@typepad.com,Female,134.157.243.8
User-centric radical extranet,87,Rookwell,lrookwella@csmonitor.com,Female,164.219.108.19
Synergistic zero defect superstructure,38,Olohan,solohanb@ycombinator.com,Female,132.189.248.73
Stand-alone background architecture,175,Twinning,ttwinningc@technorati.com,Female,14.83.185.180
Re-engineered homogeneous firmware,136,Frail,vfraild@arstechnica.com,Male,107.146.216.100
Quality-focused local circuit,145,Crumpe,jcrumpee@samsung.com,Male,191.184.90.19
Compatible even-keeled installation,70,Leander,fleanderf@loc.gov,Female,251.52.30.133
Devolved bottom-line paradigm,58,Tummasutti,ztummasuttig@dailymotion.com,Female,50.59.222.173
Managed didactic success,96,Comberbeach,ccomberbeachh@i2i.jp,Male,148.219.95.53
Phased scalable success,92,Saunder,nsaunderi@zimbio.com,Male,125.215.231.100
Cross-platform leading edge toolset,175,Gurney,jgurneyj@mlb.com,Female,227.239.109.144
Polarised secondary customer loyalty,144,Dosdill,ddosdillk@godaddy.com,Male,110.191.24.48
Reactive static matrices,96,Morriarty,dmorriartyl@cbslocal.com,Female,59.255.160.174
Expanded foreground matrix,52,O'Dowgaine,codowgainem@bing.com,Female,138.41.144.120
Focused zero defect archive,108,Corain,mcorainn@edublogs.org,Female,193.196.90.254
Adaptive dynamic capacity,100,McLucas,cmclucaso@technorati.com,Male,93.72.77.228
Object-based client-driven middleware,148,Coxhead,acoxheadp@wix.com,Male,1.11.113.125
Adaptive next generation portal,93,Olek,lolekq@google.es,Male,113.78.17.197
Re-engineered zero tolerance adapter,72,Kearle,tkearler@cyberchimps.com,Female,202.148.54.77
Fully-configurable exuding policy,165,Pavelin,cpavelins@privacy.gov.au,Female,66.128.161.117
Front-line asynchronous infrastructure,76,Maceur,hmaceurt@nasa.gov,Male,23.164.64.5
Progressive dynamic contingency,93,Grogan,sgroganu@usatoday.com,Male,181.27.117.81
Grass-roots next generation parallelism,156,Tyrer,ttyrerv@umich.edu,Male,145.62.68.132
Virtual contextually-based knowledge user,164,Wolfenden,owolfendenw@printfriendly.com,Male,62.216.129.55
Phased next generation knowledge user,185,Baudichon,kbaudichonx@gmpg.org,Male,18.33.255.140
Optimized client-driven hardware,128,Stanfield,kstanfieldy@washingtonpost.com,Male,164.106.72.254
Monitored object-oriented alliance,68,Duthy,aduthyz@cornell.edu,Female,24.109.27.213
Triple-buffered optimizing matrix,132,Stirzaker,istirzaker10@ted.com,Female,151.232.36.178
Extended transitional capacity,120,Pohlke,apohlke11@blogs.com,Female,41.180.95.53
Expanded reciprocal encoding,28,Manifold,bmanifold12@reverbnation.com,Male,133.253.50.87
Multi-lateral stable project,112,Faughey,lfaughey13@wisc.edu,Female,112.215.241.98
Sharable 24 hour benchmark,26,Georgi,ageorgi14@hibu.com,Female,191.219.26.90
Centralized fresh-thinking budgetary management,47,Piatti,jpiatti15@macromedia.com,Female,171.98.63.210
Secured heuristic projection,56,Jimpson,ajimpson16@nih.gov,Male,172.80.208.118
Profit-focused attitude-oriented Graphical User Interface,228,Rowsel,irowsel17@ihg.com,Female,75.55.181.126
Implemented systemic application,64,Spinella,fspinella18@redcross.org,Male,184.157.95.116
Cross-group mobile strategy,54,Atheis,catheis19@nymag.com,Female,222.228.30.55
Object-based composite frame,28,Halward,bhalward1a@theglobeandmail.com,Male,83.14.204.199
User-centric regional implementation,72,Escreet,jescreet1b@google.ru,Female,249.220.85.215
Right-sized bottom-line alliance,128,Rigby,lrigby1c@baidu.com,Female,209.166.116.73
Intuitive global array,66,Ratnage,aratnage1d@deliciousdays.com,Male,39.187.71.55
Sharable well-modulated application,140,Rabley,vrabley1e@histats.com,Male,192.209.25.105
Profound national focus group,29,Dimont,adimont1f@creativecommons.org,Male,70.8.253.188
Centralized even-keeled open architecture,82,Garthland,rgarthland1g@list-manage.com,Female,66.217.27.106
Exclusive secondary utilisation,155,Stambridge,estambridge1h@tumblr.com,Male,184.33.163.163
Customer-focused national website,66,Tuminelli,btuminelli1i@go.com,Female,3.59.194.142
Managed full-range project,130,Casely,gcasely1j@clickbank.net,Male,33.118.156.33
Re-engineered dynamic data-warehouse,72,Butland,gbutland1k@guardian.co.uk,Male,185.176.47.51
User-friendly eco-centric budgetary management,138,Patershall,apatershall1l@printfriendly.com,Female,202.38.7.131
Centralized attitude-oriented moderator,78,Standing,cstanding1m@umich.edu,Male,188.192.110.241
Adaptive regional array,23,Plessing,zplessing1n@abc.net.au,Male,53.184.89.176
Operative 3rd generation Graphical User Interface,245,Rowlin,browlin1o@tuttocitta.it,Male,240.136.212.70
Networked value-added conglomeration,108,Ladbury,wladbury1p@washingtonpost.com,Male,98.3.190.76
Cross-platform national Graphical User Interface,96,Gilder,agilder1q@msu.edu,Female,213.124.49.119
User-centric dynamic orchestration,102,Bedell,jbedell1r@google.ru,Male,187.151.191.110
Face to face bifurcated circuit,31,Maffioni,emaffioni1s@nifty.com,Female,63.237.131.162
Up-sized next generation synergy,128,Chimenti,achimenti1t@netscape.com,Male,64.125.76.136
Switchable dedicated solution,145,Portchmouth,dportchmouth1u@dedecms.com,Male,77.160.102.136
Synergistic system-worthy algorithm,175,Coddrington,ocoddrington1v@uiuc.edu,Female,118.9.60.64
Integrated clear-thinking forecast,68,Loddon,bloddon1w@behance.net,Male,35.74.90.167
Synergistic disintermediate access,68,Branchet,cbranchet1x@jiathis.com,Female,170.232.141.126
Cross-platform value-added framework,180,Arderne,jarderne1y@usda.gov,Male,61.172.111.215
Focused real-time infrastructure,160,Senechell,msenechell1z@xinhuanet.com,Male,83.170.9.240
Re-contextualized background pricing structure,230,Linder,nlinder20@businessweek.com,Male,36.117.64.117
Upgradable modular task-force,58,Ivan,aivan21@redcross.org,Female,28.54.73.216
Profit-focused regional paradigm,160,Tebbet,vtebbet22@constantcontact.com,Female,180.119.146.68
Profound fresh-thinking process improvement,86,Sowersby,dsowersby23@icio.us,Female,11.4.157.157
Balanced zero administration open architecture,138,Oxtaby,doxtaby24@gizmodo.com,Male,161.187.226.170
Operative 4th generation monitoring,35,Rhodus,lrhodus25@oaic.gov.au,Male,171.79.52.204
Optimized local encryption,52,Chettle,hchettle26@cyberchimps.com,Female,119.161.51.210
Visionary intermediate model,140,Riddiough,mriddiough27@psu.edu,Male,25.207.115.157
Profit-focused background circuit,33,Shropshire,ashropshire28@phpbb.com,Male,177.142.201.18
Centralized user-facing framework,165,Hardison,nhardison29@sciencedaily.com,Female,110.253.136.86
Public-key radical service-desk,124,Pagel,spagel2a@wikimedia.org,Male,134.218.166.51
Synergized secondary forecast,87,Rigg,nrigg2b@livejournal.com,Female,133.217.12.107
Multi-tiered bandwidth-monitored leverage,205,Puddin,spuddin2c@mail.ru,Male,201.120.247.17
Persistent zero defect application,68,Moncrefe,tmoncrefe2d@thetimes.co.uk,Female,86.4.254.193
Decentralized background ability,160,Cano,ccano2e@guardian.co.uk,Female,53.163.239.92
Cloned mission-critical process improvement,86,Gammill,sgammill2f@engadget.com,Female,245.61.238.158
Inverse demand-driven system engine,35,Redding,dredding2g@hostgator.com,Female,167.208.32.108
User-friendly asynchronous encoding,105,Lesmonde,llesmonde2h@hostgator.com,Female,175.165.156.9
Re-contextualized systematic interface,190,Vaillant,jvaillant2i@state.gov,Male,179.169.201.114
Operative attitude-oriented framework,37,Darbyshire,bdarbyshire2j@scribd.com,Female,124.193.220.156
Public-key zero administration installation,172,Bontine,cbontine2k@ycombinator.com,Female,188.209.189.252
Compatible stable portal,96,Trigwell,ctrigwell2l@cdbaby.com,Female,18.182.44.131
Virtual homogeneous Graphic Interface,37,Brasner,nbrasner2m@nydailynews.com,Male,113.249.154.76
Streamlined zero defect strategy,64,Gourley,rgourley2n@alibaba.com,Female,232.192.29.139
Customer-focused local hub,104,Gaitley,mgaitley2o@reddit.com,Male,148.166.250.150
User-friendly bi-directional model,102,Brittlebank,bbrittlebank2p@wikispaces.com,Female,26.195.69.33
Upgradable optimizing info-mediaries,108,Munton,cmunton2q@ted.com,Male,18.112.251.163
Profit-focused 3rd generation hub,99,Kirkbride,lkirkbride2r@1und1.de,Male,232.160.127.236
Down-sized explicit attitude,112,Bellson,gbellson2s@unesco.org,Female,150.129.241.53
Vision-oriented zero defect model,132,MacPherson,pmacpherson2t@msu.edu,Male,49.100.44.120
Diverse didactic installation,116,Reap,breap2u@upenn.edu,Male,177.192.108.240
Triple-buffered upward-trending migration,123,Brittle,ibrittle2v@moonfruit.com,Male,109.73.165.108
Public-key actuating neural-net,31,Poynton,gpoynton2w@bbc.co.uk,Male,51.78.166.43
Front-line dynamic synergy,130,Mar,hmar2x@si.edu,Male,205.75.16.217
Organic empowering core,69,Gamett,cgamett2y@sourceforge.net,Male,246.9.106.254
Progressive client-server workforce,35,Gartshore,ggartshore2z@parallels.com,Male,234.218.127.216
Decentralized transitional encryption,111,Franceschi,gfranceschi30@gravatar.com,Male,209.99.221.195
Devolved dynamic standardization,128,Boylund,dboylund31@baidu.com,Female,221.229.197.145
Re-contextualized next generation neural-net,176,Demange,ddemange32@bloglovin.com,Female,178.194.221.18
Innovative asynchronous initiative,68,Cuxon,hcuxon33@jugem.jp,Female,68.81.196.135
Programmable local secured line,31,Grunnill,wgrunnill34@liveinternet.ru,Female,107.61.255.153
Enterprise-wide holistic paradigm,165,Bugdale,rbugdale35@webmd.com,Male,201.47.143.236
Expanded dynamic array,22,Westrey,mwestrey36@cam.ac.uk,Female,218.100.37.45
Cross-group regional secured line,66,Clapson,cclapson37@arizona.edu,Female,55.118.15.213
Ameliorated human-resource local area network,180,Lay,nlay38@toplist.cz,Male,152.190.38.185
Integrated radical task-force,29,Crock,icrock39@vk.com,Male,102.35.68.199
User-friendly intangible budgetary management,90,Grombridge,tgrombridge3a@comsenz.com,Male,87.61.136.171
Exclusive regional portal,50,Pembry,bpembry3b@un.org,Male,255.77.142.66
Managed multimedia ability,26,Buckby,lbuckby3c@networkadvertising.org,Female,212.179.2.169
Organized composite implementation,170,Hollingdale,ahollingdale3d@odnoklassniki.ru,Male,251.220.164.64
Optional executive artificial intelligence,168,Coldbreath,ncoldbreath3e@slashdot.org,Male,247.252.2.150
Balanced tertiary installation,120,Canning,lcanning3f@pbs.org,Male,50.214.69.119
Inverse logistical help-desk,140,Delahunt,hdelahunt3g@goo.ne.jp,Male,224.150.191.62
Function-based asymmetric hierarchy,105,Fenn,lfenn3h@studiopress.com,Female,105.230.148.99
Fully-configurable solution-oriented instruction set,156,Brayshay,mbrayshay3i@histats.com,Female,100.30.230.50
Open-architected empowering alliance,36,Dedon,ddedon3j@umich.edu,Male,77.20.97.24
Re-contextualized clear-thinking success,40,Barrowcliff,bbarrowcliff3k@webeden.co.uk,Male,56.28.167.69
Programmable needs-based instruction set,160,Glidder,lglidder3l@scientificamerican.com,Male,153.46.86.188
Right-sized incremental project,124,Anselm,aanselm3m@123-reg.co.uk,Male,46.46.54.35
User-centric mission-critical productivity,42,Carcass,dcarcass3n@cbsnews.com,Female,175.107.23.200
Right-sized regional adapter,28,Durrand,ldurrand3o@admin.ch,Female,19.128.230.125
Intuitive incremental database,30,Mundee,emundee3p@upenn.edu,Male,90.85.105.161
Integrated disintermediate product,102,Rentcome,wrentcome3q@pagesperso-orange.fr,Female,8.148.3.32
Optional composite service-desk,124,Goward,ogoward3r@tinypic.com,Female,144.53.103.21
Customizable modular concept,56,Foley,sfoley3s@npr.org,Female,140.114.63.135
Visionary disintermediate firmware,34,Gascone,tgascone3t@umich.edu,Female,36.214.36.196
Proactive bifurcated website,140,Stockey,ostockey3u@yolasite.com,Male,4.255.138.156
Operative upward-trending solution,136,Gunstone,ggunstone3v@google.com.au,Male,79.206.222.18
Integrated motivating intranet,60,Haliburn,mhaliburn3w@ycombinator.com,Male,14.195.106.67
Compatible national definition,30,Braidon,nbraidon3x@alexa.com,Female,226.163.236.247
Programmable zero defect workforce,102,Rolles,trolles3y@diigo.com,Male,99.158.222.77
Ameliorated foreground success,30,Paolozzi,cpaolozzi3z@youku.com,Female,120.67.65.209
Switchable user-facing installation,105,Limb,dlimb40@loc.gov,Female,225.104.161.245
Integrated coherent structure,145,Hamsley,dhamsley41@state.tx.us,Female,245.18.186.81
Synergized zero administration ability,38,Easby,measby42@dion.ne.jp,Female,212.0.242.89
Synergistic national superstructure,70,Niesel,jniesel43@seattletimes.com,Male,45.231.214.36
Operative contextually-based complexity,78,Cavaney,lcavaney44@bbc.co.uk,Female,98.80.38.218
Total well-modulated secured line,165,Widdicombe,awiddicombe45@auda.org.au,Male,7.6.149.50
Exclusive didactic analyzer,81,Disdel,adisdel46@independent.co.uk,Female,62.174.42.149
Synchronised uniform productivity,132,Sindle,dsindle47@gnu.org,Male,253.63.92.201
Organized discrete local area network,74,Josephsen,mjosephsen48@rediff.com,Male,113.168.68.235
Adaptive upward-trending instruction set,40,Cessford,bcessford49@zdnet.com,Female,136.15.43.9
Diverse transitional throughput,31,Iamittii,jiamittii4a@sfgate.com,Male,149.13.222.28
Quality-focused holistic policy,31,Kroch,gkroch4b@nasa.gov,Male,112.245.49.62
Open-source context-sensitive extranet,152,Spilsted,rspilsted4c@cocolog-nifty.com,Male,95.234.223.235
Operative mission-critical flexibility,38,Matten,dmatten4d@csmonitor.com,Male,133.2.22.98
Reduced eco-centric monitoring,90,Sitch,nsitch4e@abc.net.au,Female,10.235.145.244
Focused optimal approach,120,MacAlester,gmacalester4f@ox.ac.uk,Female,1.196.133.37
Distributed empowering paradigm,155,Duckwith,dduckwith4g@jiathis.com,Female,164.122.249.209
Adaptive 24/7 capability,24,Vasilechko,rvasilechko4h@homestead.com,Male,64.30.230.49
Ameliorated empowering knowledge base,74,Sinkins,rsinkins4i@admin.ch,Male,23.100.3.35
Public-key transitional utilisation,35,Tratton,ttratton4j@newyorker.com,Female,131.36.99.131
Ergonomic neutral paradigm,78,Yakobowitz,jyakobowitz4k@oaic.gov.au,Female,113.147.66.197
Profit-focused cohesive neural-net,102,Edgeon,sedgeon4l@arstechnica.com,Male,42.116.241.199
Assimilated high-level instruction set,76,Driver,hdriver4m@tiny.cc,Female,207.196.26.13
Persevering high-level access,145,Gulk,agulk4n@unicef.org,Male,199.248.215.173
Integrated 6th generation encryption,36,Naptine,inaptine4o@hud.gov,Female,50.89.78.185
Public-key directional analyzer,124,Froude,pfroude4p@netlog.com,Female,19.27.127.132
Enhanced systematic access,26,Sturte,tsturte4q@dmoz.org,Male,2.99.134.165
Balanced motivating website,81,Powdrill,kpowdrill4r@joomla.org,Female,65.84.42.147
Open-architected actuating groupware,72,Motton,jmotton4s@ovh.net,Female,205.126.199.233
Distributed needs-based artificial intelligence,235,Cockren,ccockren4t@163.com,Male,114.48.208.153
Universal incremental secured line,136,Brader,cbrader4u@nps.gov,Male,213.219.37.69
Exclusive regional product,52,Bowcock,sbowcock4v@yolasite.com,Male,205.55.93.158
Profit-focused value-added instruction set,210,Callacher,pcallacher4w@theguardian.com,Female,52.227.131.24
Synergized value-added workforce,32,Easson,jeasson4x@quantcast.com,Male,237.153.65.202
Intuitive client-driven core,140,Taplow,ttaplow4y@buzzfeed.com,Female,249.179.18.205
Reduced radical flexibility,81,Gilhouley,rgilhouley4z@instagram.com,Female,166.195.72.250
Synchronised explicit solution,150,Jeandeau,jjeandeau50@360.cn,Male,46.16.71.64
Monitored value-added encryption,96,Cuningham,ccuningham51@europa.eu,Female,207.145.29.9
Multi-channelled discrete complexity,108,Bartrum,pbartrum52@ftc.gov,Female,202.81.132.39
Customizable demand-driven service-desk,117,Arthy,marthy53@nhs.uk,Female,67.215.130.215
Inverse transitional collaboration,136,Creavan,acreavan54@liveinternet.ru,Female,103.208.253.5
Integrated mission-critical approach,144,Castanaga,kcastanaga55@google.cn,Male,57.237.90.84
Inverse next generation database,96,Flanigan,wflanigan56@arstechnica.com,Female,247.218.76.15
Up-sized directional system engine,170,Gentery,dgentery57@gizmodo.com,Female,215.225.45.183
Switchable clear-thinking productivity,114,Belsher,zbelsher58@free.fr,Female,159.247.40.226
Advanced stable synergy,69,Shitliffe,rshitliffe59@deviantart.com,Female,93.167.37.223
Ergonomic content-based installation,144,Lemmer,blemmer5a@nyu.edu,Male,134.165.118.204
Object-based 6th generation frame,66,Rothman,wrothman5b@nymag.com,Female,71.55.68.70
Devolved executive moratorium,58,Rihanek,nrihanek5c@sohu.com,Female,105.147.227.54
Optional value-added matrices,87,Worsam,dworsam5d@baidu.com,Female,0.1.238.35
Profound asynchronous moratorium,64,Willshear,iwillshear5e@uiuc.edu,Female,18.74.84.241
Adaptive interactive project,140,Polding,cpolding5f@youtube.com,Male,242.159.252.243
Synergistic 5th generation website,170,Winthrop,jwinthrop5g@arizona.edu,Male,165.155.50.191
Integrated high-level solution,120,Kreber,rkreber5h@geocities.jp,Female,10.72.237.182
Reactive web-enabled model,52,Toal,ltoal5i@bloglovin.com,Male,144.177.18.167
Profound 3rd generation function,32,Bedham,dbedham5j@google.co.uk,Male,145.170.85.53
Sharable 6th generation support,62,Bandy,jbandy5k@un.org,Female,239.6.211.254
Realigned radical monitoring,84,Jonin,ejonin5l@theatlantic.com,Male,137.93.186.216
Cloned tangible core,80,Batey,gbatey5m@sbwire.com,Male,92.219.129.30
Decentralized empowering support,128,Goater,ogoater5n@utexas.edu,Female,178.128.179.115
Synergistic background utilisation,34,Godrich,cgodrich5o@friendfeed.com,Female,33.137.204.25
Profit-focused fresh-thinking ability,148,Morant,dmorant5p@barnesandnoble.com,Female,97.6.46.120
Inverse zero administration frame,33,Florence,nflorence5q@posterous.com,Male,69.44.52.37
Proactive heuristic help-desk,145,Ebbetts,febbetts5r@desdev.cn,Female,63.191.205.185
Distributed hybrid product,104,Michelmore,amichelmore5s@deliciousdays.com,Female,25.54.166.236
Team-oriented bi-directional application,200,Duffett,rduffett5t@squarespace.com,Female,164.31.217.214
Optional intermediate ability,29,Danilovitch,kdanilovitch5u@nature.com,Male,155.212.5.83
Self-enabling stable challenge,90,Annakin,aannakin5v@vkontakte.ru,Female,210.218.131.205
Multi-channelled uniform synergy,64,Caizley,vcaizley5w@microsoft.com,Female,17.222.42.111
Integrated hybrid open system,29,Hugk,fhugk5x@wufoo.com,Male,35.89.74.90
Right-sized tertiary database,116,Cavalier,bcavalier5y@google.com.br,Male,59.214.131.159
Realigned coherent concept,26,Lucy,rlucy5z@mediafire.com,Female,72.35.31.175
Integrated human-resource function,136,Cawkwell,lcawkwell60@nationalgeographic.com,Female,167.226.230.204
Future-proofed discrete synergy,93,Jacqueme,wjacqueme61@google.cn,Male,147.152.115.72
Compatible stable core,22,Klimshuk,hklimshuk62@google.com.hk,Male,166.15.166.21
Cross-platform explicit Graphical User Interface,192,Goodlud,hgoodlud63@accuweather.com,Male,165.181.63.119
Virtual static emulation,24,Muzzillo,hmuzzillo64@surveymonkey.com,Female,102.220.42.101
Sharable zero defect infrastructure,175,Sarney,ssarney65@behance.net,Male,13.104.96.37
Configurable eco-centric functionalities,200,Flacknoe,nflacknoe66@sciencedaily.com,Female,28.4.176.102
Polarised system-worthy customer loyalty,120,Piaggia,spiaggia67@cafepress.com,Female,228.59.4.203
Reverse-engineered systematic encoding,152,Meany,bmeany68@arizona.edu,Female,68.251.58.170
Re-engineered 3rd generation moderator,38,Markus,amarkus69@msn.com,Male,225.152.124.124
Open-architected well-modulated flexibility,86,Bishell,rbishell6a@digg.com,Male,126.148.199.196
Up-sized static help-desk,100,Yitzhakov,dyitzhakov6b@google.co.jp,Male,182.39.130.81
Intuitive object-oriented open system,111,Keme,ckeme6c@skype.com,Female,66.211.40.108
Enhanced attitude-oriented solution,175,Fison,rfison6d@blogspot.com,Male,16.35.21.36
Robust high-level benchmark,81,Binnell,rbinnell6e@time.com,Male,7.11.166.154
Managed grid-enabled emulation,90,Blatherwick,fblatherwick6f@tiny.cc,Female,53.40.80.89
Function-based fault-tolerant emulation,78,Parrett,nparrett6g@ca.gov,Female,252.50.48.32
Versatile web-enabled artificial intelligence,180,Ziemke,kziemke6h@reference.com,Male,202.43.90.163
Up-sized optimizing access,52,Dyter,pdyter6i@angelfire.com,Female,3.143.219.85
Integrated even-keeled challenge,32,Hethron,ahethron6j@apple.com,Male,25.219.118.204
Exclusive leading edge strategy,93,De Mitris,wdemitris6k@answers.com,Male,38.114.5.33
Ameliorated zero defect emulation,99,Everex,aeverex6l@independent.co.uk,Male,238.64.146.23
Synchronised full-range frame,29,Bollum,abollum6m@4shared.com,Female,30.6.153.229
User-centric value-added forecast,33,Klemt,aklemt6n@privacy.gov.au,Male,93.9.205.41
Profound radical website,96,Moyles,cmoyles6o@de.vu,Female,98.10.95.171
Organic well-modulated matrices,124,Mishaw,smishaw6p@msn.com,Male,239.49.81.70
Upgradable stable functionalities,66,Francis,dfrancis6q@phpbb.com,Female,134.164.63.13
Polarised responsive success,28,Rowdell,growdell6r@yale.edu,Female,59.72.192.236
Face to face asynchronous capacity,102,Dymoke,bdymoke6s@alexa.com,Male,29.209.194.97
Sharable even-keeled capacity,145,Piggrem,spiggrem6t@psu.edu,Female,50.71.14.232
Multi-channelled incremental website,72,Reggler,zreggler6u@yellowbook.com,Male,47.47.159.209
User-friendly value-added firmware,102,LLelweln,gllelweln6v@histats.com,Male,52.29.48.153
Open-source contextually-based strategy,117,Heppenspall,rheppenspall6w@shinystat.com,Female,223.159.95.126
Re-engineered mobile architecture,66,Kinnie,akinnie6x@surveymonkey.com,Female,9.230.148.165
Future-proofed actuating encryption,140,Perrin,gperrin6y@example.com,Female,93.118.111.56
Streamlined exuding approach,28,Larne,alarne6z@hhs.gov,Female,102.135.200.14
Devolved heuristic forecast,54,Matusovsky,rmatusovsky70@youtu.be,Male,25.95.13.55
Multi-layered asynchronous implementation,123,Barbery,lbarbery71@sogou.com,Male,110.57.156.112
Reverse-engineered bi-directional portal,80,Hasloch,lhasloch72@chronoengine.com,Male,181.21.109.94
Quality-focused stable matrices,155,Finney,bfinney73@hao123.com,Female,36.194.92.233
Optional mobile moratorium,130,Helkin,chelkin74@nbcnews.com,Female,182.209.125.162
Persistent bifurcated service-desk,34,Burrells,kburrells75@ifeng.com,Female,138.9.193.151
Innovative tangible project,108,Zorzetti,fzorzetti76@woothemes.com,Male,99.22.118.0
Grass-roots homogeneous attitude,160,Adney,sadney77@admin.ch,Female,19.103.86.54
Innovative mobile approach,130,Bubbins,cbubbins78@webs.com,Female,121.49.59.235
Stand-alone dedicated alliance,60,Cheyne,mcheyne79@theguardian.com,Male,123.136.186.107
Polarised scalable open architecture,144,Husset,mhusset7a@exblog.jp,Male,68.208.135.247
Synchronised transitional matrices,34,Lardnar,slardnar7b@wordpress.org,Male,102.94.237.77
Inverse bi-directional instruction set,152,Worsfold,iworsfold7c@google.com.br,Female,202.32.73.196
Balanced composite toolset,26,Yakunikov,tyakunikov7d@oakley.com,Male,179.72.24.82
Multi-channelled grid-enabled algorithm,195,Golborn,pgolborn7e@geocities.jp,Female,60.115.117.151
Robust fault-tolerant alliance,120,Impson,eimpson7f@usda.gov,Female,218.11.186.45
Sharable upward-trending secured line,185,Howling,khowling7g@merriam-webster.com,Female,228.151.11.246
Organic background strategy,81,Fazackerley,gfazackerley7h@wiley.com,Male,15.118.26.144
Programmable foreground core,56,Andryunin,bandryunin7i@ning.com,Female,66.118.16.167
Devolved methodical workforce,116,Danielis,jdanielis7j@acquirethisname.com,Female,185.170.211.155
Organic 5th generation function,62,Minelli,kminelli7k@accuweather.com,Male,66.108.253.225
Assimilated maximized strategy,60,Fassman,efassman7l@reverbnation.com,Male,26.128.96.22
Optimized foreground open system,96,Biernacki,wbiernacki7m@wikipedia.org,Male,132.125.247.197
Horizontal incremental standardization,114,Escalera,aescalera7n@over-blog.com,Male,88.15.243.93
Customer-focused tangible process improvement,180,Eade,leade7o@umich.edu,Female,124.211.199.115
Front-line optimal groupware,140,Bartalucci,lbartalucci7p@soup.io,Female,60.61.65.156
Customizable systemic workforce,31,Pescott,tpescott7q@huffingtonpost.com,Male,40.91.85.168
Realigned exuding firmware,104,Hedley,ehedley7r@upenn.edu,Female,14.239.22.45
Secured exuding knowledge base,30,Boribal,tboribal7s@google.co.jp,Female,101.208.170.149
Multi-lateral analyzing software,128,Tuohy,ktuohy7t@squidoo.com,Male,69.225.158.242
Team-oriented radical archive,29,Carvilla,tcarvilla7u@who.int,Male,4.209.101.10
Upgradable 24/7 knowledge base,120,Elstone,felstone7v@over-blog.com,Male,212.45.161.46
Persevering demand-driven local area network,88,Bendix,hbendix7w@xing.com,Female,254.98.68.29
Quality-focused demand-driven protocol,38,Growden,dgrowden7x@mayoclinic.com,Male,102.197.86.58
Profit-focused maximized toolset,96,Pagen,wpagen7y@ucoz.com,Male,45.11.9.62
Streamlined national benchmark,90,Pilsbury,hpilsbury7z@theguardian.com,Female,119.23.101.3
Automated content-based synergy,124,Cummings,ecummings80@soup.io,Female,154.134.163.187
Advanced hybrid approach,120,Baldrey,gbaldrey81@home.pl,Male,144.82.192.54
Reverse-engineered well-modulated synergy,205,Layman,glayman82@mozilla.org,Female,15.1.106.67
Diverse zero defect knowledge base,68,Adamovitch,tadamovitch83@walmart.com,Male,74.216.194.181
Face to face attitude-oriented leverage,156,Yglesias,dyglesias84@networkadvertising.org,Male,225.8.250.226
Innovative web-enabled product,120,Heenan,eheenan85@ibm.com,Male,75.112.114.39
Exclusive zero tolerance contingency,144,Yeowell,fyeowell86@elpais.com,Male,120.245.35.173
Multi-tiered reciprocal array,58,Chenery,cchenery87@sphinn.com,Female,34.29.115.68
Persevering homogeneous implementation,152,McAlroy,kmcalroy88@nps.gov,Male,175.229.218.52
Automated multi-state archive,29,Chill,hchill89@amazon.com,Female,77.93.227.208
Exclusive impactful collaboration,165,Pehrsson,cpehrsson8a@fastcompany.com,Male,50.13.191.214
Robust multi-tasking open system,160,Hamber,mhamber8b@bigcartel.com,Male,192.57.201.254
Mandatory object-oriented portal,128,Sproul,rsproul8c@epa.gov,Female,79.155.151.201
Organized human-resource pricing structure,168,Agglione,bagglione8d@pen.io,Male,198.37.127.253
Multi-channelled bandwidth-monitored challenge,230,Bernardez,abernardez8e@barnesandnoble.com,Female,150.206.76.21
Reverse-engineered homogeneous adapter,114,Slocket,jslocket8f@ftc.gov,Female,239.156.105.46
Virtual fault-tolerant access,87,Tayloe,ntayloe8g@businessinsider.com,Female,29.151.134.181
Organized systematic throughput,93,Seiler,sseiler8h@vinaora.com,Male,133.3.167.95
Reverse-engineered analyzing data-warehouse,172,Scorey,mscorey8i@samsung.com,Male,46.42.84.95
Balanced multimedia ability,81,Leeuwerink,pleeuwerink8j@yahoo.co.jp,Female,56.52.36.37
Compatible value-added structure,96,Schieferstein,nschieferstein8k@si.edu,Male,107.123.154.153
Function-based mobile knowledge base,180,Simonnet,msimonnet8l@soundcloud.com,Female,255.218.115.25
Compatible leading edge secured line,72,Wakeford,dwakeford8m@geocities.com,Male,186.82.102.235
Virtual fresh-thinking moratorium,99,Scohier,jscohier8n@bloglovin.com,Male,116.106.48.5
Team-oriented responsive system engine,190,Powling,spowling8o@cloudflare.com,Female,134.57.200.181
User-centric zero tolerance data-warehouse,42,Leban,kleban8p@hud.gov,Male,105.250.43.190
Fundamental directional instruction set,117,Jacobovitz,sjacobovitz8q@answers.com,Female,79.105.169.248
Sharable even-keeled database,29,Upchurch,rupchurch8r@mit.edu,Female,246.163.64.197
Ameliorated client-server hardware,34,Fetters,ifetters8s@omniture.com,Female,156.68.200.171
Assimilated background capability,132,Shynn,kshynn8t@typepad.com,Female,105.87.5.219
Persevering homogeneous workforce,66,Melbert,pmelbert8u@people.com.cn,Male,114.62.226.196
Reverse-engineered global middleware,36,Caulwell,ucaulwell8v@canalblog.com,Male,107.119.172.215
Enterprise-wide non-volatile circuit,72,Searight,lsearight8w@businessinsider.com,Female,249.202.89.140
Ergonomic logistical moderator,60,Raisher,braisher8x@google.pl,Male,59.59.225.230
Profound static contingency,81,Terry,mterry8y@usnews.com,Male,251.107.216.216
Horizontal multi-tasking firmware,66,Touzey,gtouzey8z@gmpg.org,Female,108.115.120.83
Optional exuding internet solution,34,Le Quesne,mlequesne90@java.com,Female,65.35.146.73
Organic stable parallelism,104,Gillford,jgillford91@marketwatch.com,Male,122.153.154.175
Centralized holistic conglomeration,175,Growy,egrowy92@wikia.com,Female,160.221.60.13
Secured radical hub,38,Lamb-shine,elambshine93@issuu.com,Male,217.234.96.110
Reverse-engineered real-time complexity,39,Fass,dfass94@spiegel.de,Male,2.73.205.20
Synergized actuating knowledge user,175,Gyde,ggyde95@dmoz.org,Female,216.120.188.58
Innovative optimal circuit,26,Mil,jmil96@shutterfly.com,Female,181.177.240.176
User-centric system-worthy intranet,140,Waby,jwaby97@sakura.ne.jp,Female,107.30.39.31
Persistent well-modulated ability,33,Boylund,rboylund98@cnn.com,Male,221.95.138.48
Sharable executive conglomeration,99,Cawston,hcawston99@artisteer.com,Female,41.248.99.187
Down-sized 24/7 encoding,96,Hylden,chylden9a@zdnet.com,Female,34.195.12.119
Realigned 5th generation help-desk,102,Filshin,rfilshin9b@soundcloud.com,Male,101.142.93.234
Universal non-volatile middleware,165,Gotter,wgotter9c@nps.gov,Female,83.175.8.245
Operative grid-enabled function,62,Khadir,nkhadir9d@so-net.ne.jp,Male,146.224.186.89
Persevering content-based project,132,Rounding,drounding9e@dion.ne.jp,Female,86.132.65.161
Adaptive transitional flexibility,165,Fell,mfell9f@shinystat.com,Male,255.226.206.148
Innovative radical interface,140,Medland,lmedland9g@chron.com,Female,213.54.132.195
Synergistic 24 hour attitude,140,Brockhouse,bbrockhouse9h@cloudflare.com,Male,97.206.89.187
Expanded 6th generation instruction set,156,Flieger,mflieger9i@over-blog.com,Female,152.30.91.89
Cloned system-worthy monitoring,124,Maciaszczyk,gmaciaszczyk9j@deliciousdays.com,Male,237.95.60.15
Expanded real-time intranet,54,Danels,gdanels9k@jugem.jp,Male,209.53.50.250
Synchronised eco-centric Graphical User Interface,196,Whittaker,jwhittaker9l@phoca.cz,Male,111.222.79.183
Exclusive content-based artificial intelligence,94,Filisov,nfilisov9m@ft.com,Female,113.60.6.58
Integrated client-server complexity,140,Kollach,akollach9n@twitter.com,Male,172.189.202.100
Profit-focused actuating Graphic Interface,126,Brede,lbrede9o@mozilla.org,Female,43.134.173.196
Team-oriented systemic contingency,136,Barstowk,bbarstowk9p@themeforest.net,Female,97.89.2.103
User-friendly demand-driven firmware,108,Claesens,lclaesens9q@businessweek.com,Male,185.159.21.18
Optional bi-directional array,116,Crowley,jcrowley9r@telegraph.co.uk,Female,30.3.93.222
Intuitive eco-centric extranet,30,Gorelli,bgorelli9s@icio.us,Female,125.133.38.57
Programmable even-keeled groupware,136,Kilpatrick,ekilpatrick9t@miitbeian.gov.cn,Male,9.151.81.209
Upgradable explicit synergy,27,Cocking,qcocking9u@alexa.com,Male,9.235.172.140
Organized human-resource help-desk,68,Bullus,kbullus9v@pagesperso-orange.fr,Female,164.205.180.9
Diverse global archive,22,Benko,mbenko9w@shinystat.com,Female,216.229.118.147
Adaptive didactic time-frame,28,Greeves,jgreeves9x@slate.com,Male,134.110.224.229
Optional user-facing workforce,150,Lapley,clapley9y@gizmodo.com,Male,207.110.175.147
Operative 3rd generation definition,35,Bessey,wbessey9z@is.gd,Female,192.139.89.80
Devolved eco-centric hub,120,Penk,epenka0@google.es,Female,113.8.0.182
Virtual mobile throughput,25,Sterrie,bsterriea1@1und1.de,Female,46.170.246.241
Decentralized 24 hour moderator,155,Gartan,ygartana2@sogou.com,Female,249.150.69.221
Reactive zero tolerance alliance,160,Ommanney,hommanneya3@prweb.com,Male,123.13.146.120
Total system-worthy open system,155,Heintzsch,theintzscha4@google.com,Male,91.223.221.192
Multi-tiered real-time implementation,185,Dupre,jduprea5@discovery.com,Male,23.69.43.179
Phased global concept,21,Posthill,kposthilla6@constantcontact.com,Male,66.152.52.161
Team-oriented object-oriented protocol,76,Thompstone,vthompstonea7@washingtonpost.com,Male,12.40.243.215
Down-sized secondary process improvement,200,Sumption,lsumptiona8@admin.ch,Male,160.145.25.148
Mandatory user-facing conglomeration,144,Nottle,rnottlea9@soup.io,Male,229.143.250.191
Profound 3rd generation concept,31,Stedall,jstedallaa@youtube.com,Female,163.231.165.138
Ameliorated 6th generation archive,34,Buckel,tbuckelab@bloglovin.com,Female,16.107.134.206
Enterprise-wide static superstructure,74,Grzeskowski,mgrzeskowskiac@cafepress.com,Female,161.141.202.243
Up-sized user-facing superstructure,35,Graber,agraberad@scientificamerican.com,Male,33.109.6.172
Decentralized disintermediate productivity,84,Thunnerclef,fthunnerclefae@privacy.gov.au,Male,150.51.1.140
Persistent global application,29,Levay,elevayaf@shutterfly.com,Female,48.168.219.55
Ameliorated high-level challenge,32,Brien,cbrienag@samsung.com,Male,110.238.251.240
Synergistic web-enabled Graphic Interface,123,Mc Gee,gmcgeeah@storify.com,Female,177.65.182.164
Intuitive stable implementation,124,Moxon,amoxonai@arizona.edu,Female,235.122.16.240
Balanced global forecast,120,Heggs,rheggsaj@alibaba.com,Male,226.208.165.132
Fundamental mobile Graphic Interface,108,Girault,dgiraultak@gov.uk,Female,68.104.79.101
Multi-tiered object-oriented solution,111,Barrow,kbarrowal@meetup.com,Male,199.117.210.228
Mandatory systemic pricing structure,36,Formilli,rformilliam@rambler.ru,Male,18.80.175.189
Inverse uniform core,40,Hardwidge,thardwidgean@opera.com,Male,185.51.115.251
Triple-buffered regional service-desk,111,Abramof,aabramofao@nsw.gov.au,Male,148.53.60.255
Synchronised 24/7 complexity,140,Insworth,kinsworthap@cpanel.net,Male,145.122.159.224
Profound 24/7 project,84,Witheford,bwithefordaq@forbes.com,Male,173.53.84.121
Managed 24 hour intranet,120,Housiaux,bhousiauxar@hp.com,Female,227.4.37.79
Open-architected global neural-net,68,Rosetti,vrosettias@nhs.uk,Female,145.56.128.47
Upgradable radical functionalities,170,Satchell,lsatchellat@seattletimes.com,Male,246.55.144.14
Integrated national collaboration,66,Furbank,cfurbankau@hud.gov,Male,4.126.207.133
Distributed didactic function,29,Perel,mperelav@hubpages.com,Male,254.146.92.206
Total intangible intranet,100,Bankes,abankesaw@xing.com,Female,182.87.254.218
Phased cohesive leverage,48,Burney,wburneyax@google.com.br,Male,45.59.159.218
Robust full-range ability,50,Arrighini,barrighiniay@craigslist.org,Female,8.88.203.184
Self-enabling global conglomeration,105,Sillwood,msillwoodaz@mashable.com,Male,86.89.16.0
Versatile bandwidth-monitored forecast,152,Maylor,bmaylorb0@bloomberg.com,Female,248.113.138.63
Up-sized systemic framework,54,Fellos,afellosb1@furl.net,Female,211.66.34.237
Cross-group context-sensitive local area network,240,Shakespear,cshakespearb2@paginegialle.it,Female,30.230.238.45
Profound composite complexity,29,Pestridge,mpestridgeb3@ow.ly,Male,230.110.242.94
Function-based optimizing matrices,102,Gommey,kgommeyb4@time.com,Female,94.204.13.243
Open-architected multi-tasking productivity,172,Hosburn,hhosburnb5@vk.com,Male,28.56.194.123
Organized 4th generation help-desk,102,Praten,lpratenb6@nasa.gov,Male,251.112.43.132
Profit-focused incremental synergy,102,Mardall,emardallb7@arizona.edu,Female,228.19.12.36
Enhanced context-sensitive focus group,76,Harm,bharmb8@moonfruit.com,Male,228.96.31.179
Organized interactive strategy,120,Gollin,dgollinb9@oaic.gov.au,Female,101.86.182.129
Diverse mobile challenge,72,Brimley,gbrimleyba@blogspot.com,Female,10.131.222.111
Synchronised neutral analyzer,29,Wanjek,rwanjekbb@samsung.com,Female,144.87.33.56
Down-sized multi-state concept,60,Grigorini,ngrigorinibc@4shared.com,Female,139.33.23.32
Right-sized multi-tasking monitoring,144,Fibbit,gfibbitbd@dagondesign.com,Male,52.76.2.116
Multi-channelled system-worthy budgetary management,51,McGonigal,cmcgonigalbe@elegantthemes.com,Female,229.152.115.104
Monitored intermediate knowledge base,74,Blackster,mblacksterbf@google.it,Female,246.41.195.6
Total analyzing monitoring,26,Cluelow,jcluelowbg@creativecommons.org,Female,89.210.35.79
Mandatory 4th generation throughput,35,Reynoldson,dreynoldsonbh@theatlantic.com,Female,209.62.7.49
Horizontal encompassing orchestration,37,Wescott,awescottbi@infoseek.co.jp,Female,3.55.46.57
Switchable needs-based secured line,70,Brothwell,rbrothwellbj@alibaba.com,Male,175.226.223.61
Self-enabling real-time Graphic Interface,164,Kemwall,jkemwallbk@engadget.com,Male,27.2.104.37
Exclusive value-added groupware,93,Clunie,bcluniebl@typepad.com,Female,90.84.100.27
Devolved intangible framework,145,Nerheny,inerhenybm@marriott.com,Female,53.52.41.233
Programmable fault-tolerant database,36,Backshell,hbackshellbn@hibu.com,Male,1.11.251.177
Universal interactive alliance,150,Bithell,gbithellbo@reference.com,Female,168.125.210.167
Re-contextualized radical extranet,136,Benning,vbenningbp@usatoday.com,Female,137.100.45.31
Optional asynchronous budgetary management,168,Ingerson,aingersonbq@google.fr,Female,86.232.26.184
Universal tertiary framework,28,Pigne,rpignebr@t-online.de,Female,117.29.68.215
Realigned 5th generation customer loyalty,164,Andrick,tandrickbs@sohu.com,Female,238.176.115.5
Vision-oriented disintermediate task-force,42,Hubbis,chubbisbt@miitbeian.gov.cn,Male,71.6.102.253
Synergistic executive strategy,150,Quinlan,lquinlanbu@mapquest.com,Male,244.1.32.121
Fully-configurable incremental throughput,41,Joselovitch,ejoselovitchbv@ftc.gov,Female,187.103.193.201
Exclusive methodical functionalities,180,Wasbrough,twasbroughbw@yellowpages.com,Male,189.98.49.128
Multi-channelled systematic synergy,35,Picard,opicardbx@wikimedia.org,Female,190.237.208.250
Programmable clear-thinking algorithm,111,Garrals,bgarralsby@timesonline.co.uk,Male,207.102.135.245
Adaptive asynchronous core,104,Durnford,ddurnfordbz@wikimedia.org,Female,216.106.101.34
Vision-oriented mission-critical system engine,184,Breitling,sbreitlingc0@xrea.com,Male,31.53.129.142
Optimized asymmetric access,27,Mattingley,mmattingleyc1@cbslocal.com,Female,18.245.88.47
Switchable 24/7 leverage,24,Bergen,dbergenc2@usnews.com,Male,91.141.88.149
Implemented bifurcated instruction set,152,Mayers,ymayersc3@loc.gov,Female,92.162.149.7
Inverse exuding forecast,72,Ney,wneyc4@scribd.com,Female,22.2.197.145
Total interactive structure,135,Goodrick,mgoodrickc5@ask.com,Male,76.35.160.83
Centralized solution-oriented internet solution,94,Corlett,scorlettc6@1und1.de,Male,2.186.79.166
Reduced uniform structure,125,Haggath,ehaggathc7@nasa.gov,Male,95.241.223.10
Polarised demand-driven task-force,68,Howland,thowlandc8@blogspot.com,Female,17.4.8.255
Integrated bandwidth-monitored data-warehouse,180,Feehery,tfeeheryc9@ibm.com,Male,233.248.21.26
Advanced 5th generation collaboration,37,Esparza,aesparzaca@tumblr.com,Male,11.29.39.235
Stand-alone next generation database,36,Staniforth,mstaniforthcb@oracle.com,Female,235.37.162.20
Multi-layered reciprocal flexibility,144,De Moreno,rdemorenocc@theatlantic.com,Male,81.125.74.55
Vision-oriented executive open architecture,172,Whifen,dwhifencd@examiner.com,Female,215.151.241.166
Universal regional solution,135,Pace,mpacece@youtube.com,Male,117.144.39.49
Phased bottom-line hardware,81,Towner,stownercf@feedburner.com,Male,3.24.136.62
Diverse real-time policy,96,Denniston,rdennistoncg@nhs.uk,Male,159.241.118.189
Polarised grid-enabled matrices,62,Tredget,jtredgetch@dion.ne.jp,Female,71.229.104.238
Multi-channelled coherent benchmark,140,Ferrucci,dferruccici@jugem.jp,Female,40.166.165.115
Object-based bifurcated contingency,175,Quincey,equinceycj@mayoclinic.com,Female,92.187.79.68
Quality-focused zero tolerance encoding,78,Nassy,mnassyck@cdc.gov,Male,103.196.132.250
Networked next generation alliance,136,Matschuk,amatschukcl@ibm.com,Female,120.91.148.133
Distributed impactful capability,64,Stigger,tstiggercm@wordpress.org,Male,37.255.188.223
Advanced heuristic core,92,Plewman,rplewmancn@meetup.com,Male,4.154.157.241
Total secondary hub,38,Morin,mmorinco@apple.com,Male,219.51.126.163
Organic 5th generation toolset,90,Crann,lcranncp@kickstarter.com,Male,29.169.62.107
Seamless cohesive knowledge base,96,Gladtbach,ggladtbachcq@facebook.com,Male,178.153.117.167
Front-line exuding circuit,130,Shillitto,oshillittocr@nhs.uk,Male,180.191.168.152
Reverse-engineered fresh-thinking challenge,215,Matyushonok,tmatyushonokcs@squarespace.com,Female,86.107.130.165
Implemented user-facing complexity,34,Carwithim,kcarwithimct@whitehouse.gov,Female,52.179.18.160
Monitored actuating algorithm,116,McGuire,lmcguirecu@baidu.com,Female,246.184.198.132
Function-based systematic adapter,33,Bonefant,pbonefantcv@tiny.cc,Male,179.119.204.136
Integrated actuating open system,32,Leftbridge,mleftbridgecw@cyberchimps.com,Female,197.114.112.17
Synchronised non-volatile capability,108,Defty,bdeftycx@dot.gov,Female,16.82.71.193
Horizontal heuristic structure,120,Wolton,awoltoncy@hostgator.com,Female,231.45.140.161
Reactive bifurcated focus group,62,Corney,gcorneycz@mlb.com,Male,29.29.50.139
Phased executive adapter,24,Blaxter,sblaxterd0@cam.ac.uk,Male,157.158.113.116
Reactive uniform throughput,27,Berthomier,eberthomierd1@feedburner.com,Female,134.137.52.111
Polarised impactful strategy,112,Jemmett,ajemmettd2@ow.ly,Male,198.201.131.50
Enterprise-wide system-worthy architecture,210,MacKibbon,rmackibbond3@oaic.gov.au,Male,41.188.17.11
Quality-focused empowering parallelism,38,Pillman,lpillmand4@jalbum.net,Male,237.102.249.173
Cloned context-sensitive instruction set,200,Enriques,menriquesd5@etsy.com,Male,91.162.11.112
Inverse high-level data-warehouse,132,Kencott,pkencottd6@sphinn.com,Female,24.74.244.222
Networked systemic extranet,27,Delacourt,ddelacourtd7@microsoft.com,Male,144.21.105.230
Automated regional time-frame,87,D'Aulby,fdaulbyd8@topsy.com,Female,156.253.54.27
Fundamental demand-driven encryption,180,Yanez,byanezd9@discovery.com,Male,181.236.182.188
Adaptive logistical protocol,140,Zuanazzi,gzuanazzida@latimes.com,Male,70.22.4.9
Total eco-centric algorithm,81,Blackburne,kblackburnedb@apache.org,Male,144.119.175.34
Virtual mobile service-desk,27,Yu,cyudc@yellowpages.com,Female,47.48.107.148
Configurable foreground algorithm,165,Thackwray,kthackwraydd@ibm.com,Male,84.187.131.242
Exclusive solution-oriented encryption,190,Fludder,hfludderde@irs.gov,Male,105.163.213.156
Re-contextualized non-volatile benchmark,120,Yedall,hyedalldf@e-recht24.de,Female,200.177.90.113
Triple-buffered 24/7 forecast,58,Billing,mbillingdg@wunderground.com,Male,158.182.234.160
Cloned scalable complexity,26,Utterson,ruttersondh@netscape.com,Female,182.187.2.112
Open-architected explicit time-frame,108,Bartunek,mbartunekdi@gravatar.com,Female,144.32.182.219
Diverse system-worthy product,87,Sorrel,asorreldj@wikispaces.com,Male,36.224.95.85
Diverse contextually-based collaboration,120,Tranfield,etranfielddk@answers.com,Female,113.122.115.182
User-centric regional ability,87,Leadstone,mleadstonedl@ning.com,Female,117.249.189.182
Assimilated disintermediate support,140,Spilisy,lspilisydm@t.co,Female,13.188.220.233
Enhanced homogeneous infrastructure,175,Bamborough,jbamboroughdn@theatlantic.com,Female,207.18.11.62
Fully-configurable neutral standardization,42,Chicchelli,rchicchellido@lycos.com,Female,17.122.70.244
User-friendly non-volatile installation,117,Blackater,fblackaterdp@dedecms.com,Female,238.121.114.198
Right-sized systematic architecture,175,Gainsford,againsforddq@dot.gov,Male,252.201.16.78
Expanded intangible installation,96,Everall,leveralldr@de.vu,Female,57.156.138.33
Robust responsive application,29,Stillgoe,sstillgoeds@umn.edu,Female,28.107.71.75
Virtual neutral adapter,69,Tollmache,mtollmachedt@barnesandnoble.com,Female,231.190.206.136
Profit-focused well-modulated solution,38,Biaggelli,mbiaggellidu@google.com.hk,Male,185.237.235.196
Open-architected well-modulated process improvement,153,Shoebridge,bshoebridgedv@friendfeed.com,Male,14.115.233.6
User-centric human-resource infrastructure,168,Bosse,dbossedw@buzzfeed.com,Female,40.3.163.22
Re-contextualized hybrid migration,102,Bour,mbourdx@illinois.edu,Female,28.229.248.37
Synergistic web-enabled flexibility,35,Hannay,jhannaydy@dell.com,Female,229.18.21.234
Polarised client-server local area network,84,Whitear,pwhiteardz@buzzfeed.com,Male,154.150.237.236
Persevering eco-centric projection,170,Hurtic,shurtice0@parallels.com,Male,66.188.9.26
Vision-oriented eco-centric methodology,78,Jeannot,kjeannote1@who.int,Male,4.104.253.150
Enterprise-wide bifurcated policy,99,Dudenie,bdudeniee2@yale.edu,Female,176.13.10.18
Down-sized upward-trending interface,180,Sheahan,ysheahane3@mail.ru,Male,177.206.13.112
Self-enabling eco-centric workforce,175,Clayborn,aclayborne4@dagondesign.com,Female,161.224.78.46
Stand-alone motivating interface,160,Acklands,backlandse5@netscape.com,Male,211.108.6.93
Synchronised methodical ability,155,Pinnigar,ipinnigare6@wufoo.com,Male,12.57.216.38
Team-oriented discrete matrices,93,Tingcomb,stingcombe7@wunderground.com,Female,23.197.119.66
Quality-focused systemic implementation,195,Crease,screasee8@hibu.com,Female,75.169.37.53
Innovative regional core,96,Lots,elotse9@ovh.net,Female,166.138.101.77
Right-sized directional methodology,35,Dillinger,sdillingerea@istockphoto.com,Male,23.165.243.166
Implemented non-volatile policy,62,Espadero,kespaderoeb@mail.ru,Female,161.38.93.64
Realigned didactic superstructure,132,Eldridge,leldridgeec@weebly.com,Male,14.200.178.147
Visionary next generation access,96,Baynam,lbaynamed@unblog.fr,Female,80.217.42.135
Proactive intermediate attitude,155,Readmire,areadmireee@shop-pro.jp,Male,17.210.14.8
Persevering fresh-thinking database,35,Bodega,dbodegaef@ca.gov,Female,207.250.34.70
Object-based executive orchestration,72,Pearson,npearsoneg@purevolume.com,Female,167.22.221.36
Down-sized coherent definition,90,Parsley,gparsleyeh@simplemachines.org,Male,66.19.219.217
Profit-focused 5th generation info-mediaries,176,Adelsberg,yadelsbergei@macromedia.com,Female,120.186.250.176
Cloned multi-tasking workforce,90,Molloy,rmolloyej@techcrunch.com,Male,66.74.192.11
Operative dedicated synergy,54,Fley,lfleyek@theguardian.com,Male,50.48.224.33
Multi-layered exuding flexibility,99,Twine,atwineel@jugem.jp,Male,111.183.126.112
Extended bifurcated throughput,120,Phette,ephetteem@wsj.com,Female,141.166.79.148
Synergistic empowering strategy,62,Grigorey,lgrigoreyen@census.gov,Male,0.195.135.178
Function-based background migration,35,Haulkham,ghaulkhameo@ted.com,Male,222.104.124.65
Universal multi-tasking adapter,62,Shuter,gshuterep@oracle.com,Female,142.8.83.245
Fundamental full-range utilisation,102,Soppeth,nsoppetheq@github.io,Male,121.59.247.196
Digitized logistical challenge,60,Jerzak,gjerzaker@storify.com,Female,166.49.79.6
Extended multi-state encryption,124,Cundict,mcundictes@yahoo.co.jp,Female,121.149.205.23
Seamless logistical secured line,64,Alberts,ralbertset@latimes.com,Male,58.151.198.106
Customizable modular info-mediaries,35,Riepl,rriepleu@plala.or.jp,Female,216.47.116.35
Multi-layered tangible approach,155,Ector,wectorev@washington.edu,Male,12.98.135.111
Polarised explicit hierarchy,140,Cominoli,jcominoliew@blogtalkradio.com,Female,204.169.8.72
Optimized zero administration knowledge user,220,Tilberry,ktilberryex@instagram.com,Male,144.207.215.142
Innovative zero administration artificial intelligence,54,Blakeden,lblakedeney@pen.io,Female,90.207.107.170
Persevering 4th generation architecture,195,Limeburn,nlimeburnez@microsoft.com,Female,153.205.186.240
Organic zero tolerance architecture,105,Wreath,dwreathf0@cbslocal.com,Female,196.202.255.143
Reduced grid-enabled benchmark,30,Ibberson,cibbersonf1@homestead.com,Female,41.187.82.45
Enhanced object-oriented budgetary management,45,Antonik,aantonikf2@pinterest.com,Male,143.107.244.9
Enhanced maximized adapter,26,Cleaveland,acleavelandf3@booking.com,Female,180.201.100.244
Visionary maximized archive,54,Besemer,ebesemerf4@illinois.edu,Female,112.6.64.149
Advanced executive open architecture,72,Bedding,dbeddingf5@opensource.org,Female,37.247.112.240
Decentralized object-oriented encoding,38,Becconsall,cbecconsallf6@naver.com,Male,198.84.187.169
Business-focused intermediate application,82,Acuna,aacunaf7@virginia.edu,Male,190.109.40.77
Automated holistic concept,78,Heinrici,theinricif8@about.me,Female,76.218.211.49
Stand-alone hybrid open system,30,Flannery,fflanneryf9@qq.com,Female,78.117.29.169
Reactive 5th generation access,90,Scolli,ascollifa@sina.com.cn,Female,253.174.24.17
Synergized mission-critical paradigm,144,Kingsley,ckingsleyfb@diigo.com,Male,164.15.160.208
Sharable scalable collaboration,155,Sliney,oslineyfc@taobao.com,Female,172.150.57.117
Profit-focused contextually-based hub,37,Ramsbotham,qramsbothamfd@trellian.com,Female,70.212.221.24
Adaptive systemic monitoring,112,Serot,dserotfe@latimes.com,Female,79.225.173.179
Front-line fresh-thinking encoding,170,Maharg,lmahargff@yelp.com,Female,100.61.167.255
Universal mission-critical challenge,108,Pinfold,fpinfoldfg@goo.gl,Female,186.226.150.204
Implemented didactic parallelism,128,Lukianov,alukianovfh@pinterest.com,Male,107.98.35.226
Object-based non-volatile monitoring,144,Aspden,easpdenfi@topsy.com,Female,17.177.250.144
Phased content-based middleware,124,Dumini,bduminifj@spotify.com,Female,254.59.126.78
Enterprise-wide mission-critical middleware,86,Castanaga,ncastanagafk@deliciousdays.com,Female,177.119.141.144
Quality-focused web-enabled policy,170,Tringham,jtringhamfl@go.com,Female,41.194.235.142
Seamless cohesive open system,87,Koppelmann,skoppelmannfm@stanford.edu,Female,32.209.246.197
Versatile optimal moderator,108,Krabbe,rkrabbefn@fema.gov,Male,237.5.217.106
Public-key maximized budgetary management,41,Plumridege,dplumridegefo@ehow.com,Male,235.194.121.38
Synchronised zero administration array,190,Hudel,mhudelfp@fastcompany.com,Female,186.208.81.102
Secured even-keeled database,28,Welbeck,kwelbeckfq@seattletimes.com,Female,23.31.55.164
Extended needs-based instruction set,180,Spinney,gspinneyfr@smh.com.au,Male,107.239.232.202
Devolved bi-directional approach,128,Prestney,gprestneyfs@infoseek.co.jp,Female,107.248.107.181
Networked homogeneous interface,155,Bone,wboneft@skyrock.com,Female,47.112.94.83
Digitized composite task-force,60,Gleeton,bgleetonfu@dailymail.co.uk,Female,226.170.121.129
Compatible 3rd generation concept,66,Ivanshintsev,divanshintsevfv@dion.ne.jp,Female,246.92.82.250
Mandatory maximized throughput,60,Klimes,hklimesfw@mashable.com,Male,34.60.18.184
User-friendly client-server migration,37,Mackriell,wmackriellfx@e-recht24.de,Male,67.114.56.143
Switchable even-keeled matrix,58,Becconsall,mbecconsallfy@virginia.edu,Male,96.11.65.96
Down-sized national instruction set,105,Pallaske,jpallaskefz@hhs.gov,Male,1.91.197.184
Fundamental static collaboration,160,Jayes,sjayesg0@symantec.com,Male,159.243.0.173
Re-engineered intangible strategy,99,Lambert,clambertg1@upenn.edu,Female,46.191.115.55
Reverse-engineered zero tolerance capacity,42,Magauran,hmagaurang2@mediafire.com,Female,239.148.199.109
Open-architected fresh-thinking matrix,114,Stoodley,astoodleyg3@eventbrite.com,Male,40.8.77.2
Upgradable solution-oriented open architecture,46,Morais,cmoraisg4@amazon.co.uk,Female,32.230.181.161
Cross-group system-worthy methodology,111,Astin,nasting5@bigcartel.com,Female,132.57.77.153
Operative systematic encoding,29,Bollard,ebollardg6@walmart.com,Female,104.247.98.141
Decentralized system-worthy array,132,MacUchadair,cmacuchadairg7@blogs.com,Female,95.4.197.142
Integrated high-level initiative,96,Work,mworkg8@creativecommons.org,Female,1.106.13.230
Customer-focused exuding website,64,Staveley,estaveleyg9@chron.com,Female,8.252.10.136
Optional bottom-line application,160,Ruffli,kruffliga@craigslist.org,Female,31.44.97.112
Cross-group actuating budgetary management,84,Peiser,cpeisergb@prlog.org,Male,254.37.200.44
Down-sized zero defect moderator,64,Fforde,cffordegc@posterous.com,Male,149.223.204.50
Upgradable tertiary artificial intelligence,43,Shurlock,dshurlockgd@ustream.tv,Male,68.161.224.50
Expanded context-sensitive synergy,136,Strutz,sstrutzge@feedburner.com,Male,31.140.191.156
Customizable incremental function,165,Frend,dfrendgf@nyu.edu,Female,4.168.134.135
Virtual fresh-thinking system engine,144,Smitheram,rsmitheramgg@multiply.com,Female,101.54.153.83
Down-sized multi-tasking frame,60,Moukes,amoukesgh@fc2.com,Female,73.143.221.75
Cross-platform content-based moderator,38,Stockbridge,astockbridgegi@tinyurl.com,Female,20.218.39.111
Team-oriented heuristic throughput,68,Beekman,cbeekmangj@unblog.fr,Female,132.134.56.109
Focused discrete alliance,100,Meth,rmethgk@upenn.edu,Male,230.28.15.9
Organic heuristic synergy,125,Harrad,bharradgl@plala.or.jp,Male,245.249.114.73
Optimized multi-state complexity,160,Mazzeo,smazzeogm@sohu.com,Male,69.102.174.112
Adaptive logistical frame,50,McGarva,cmcgarvagn@lulu.com,Female,244.37.208.127
Operative encompassing challenge,32,Crighton,tcrightongo@cam.ac.uk,Male,212.58.163.198
Ergonomic attitude-oriented intranet,144,Orknay,aorknaygp@go.com,Female,202.212.188.144
Polarised bottom-line synergy,29,Dowber,cdowbergq@exblog.jp,Female,187.50.219.222
Integrated hybrid firmware,104,Biaggioni,ubiaggionigr@harvard.edu,Male,10.8.193.141
Multi-layered intermediate task-force,111,Peart,gpeartgs@google.ru,Male,220.116.124.156
Cross-platform disintermediate synergy,152,Jenkins,jjenkinsgt@senate.gov,Female,185.4.31.139
Centralized zero administration Graphical User Interface,168,Gwilliam,sgwilliamgu@amazon.co.jp,Female,241.166.29.1
Reactive empowering frame,125,Isoldi,bisoldigv@ovh.net,Male,237.115.248.107
Enhanced coherent orchestration,155,Gorch,dgorchgw@joomla.org,Male,163.87.121.127
Adaptive regional firmware,26,Allmond,sallmondgx@theglobeandmail.com,Male,130.36.15.143
Public-key grid-enabled website,93,Chrichton,cchrichtongy@t.co,Female,69.38.205.70
Virtual bandwidth-monitored hardware,144,Azemar,bazemargz@ihg.com,Male,84.183.136.152
Profound intermediate installation,102,Knapman,rknapmanh0@last.fm,Female,61.245.128.213
Centralized zero administration initiative,210,Fibbit,mfibbith1@amazonaws.com,Male,91.152.119.153
Business-focused global intranet,96,Dunbabin,sdunbabinh2@gmpg.org,Male,244.37.52.248
Cross-platform modular attitude,31,Glabach,jglabachh3@domainmarket.com,Female,177.237.96.68
Future-proofed intangible parallelism,185,Coburn,rcoburnh4@theatlantic.com,Male,78.115.156.200
Multi-layered solution-oriented policy,152,Banck,ebanckh5@tripadvisor.com,Female,161.104.206.252
Progressive tertiary extranet,29,Seeman,aseemanh6@boston.com,Female,61.173.225.131
Assimilated clear-thinking support,170,McKimmey,lmckimmeyh7@slideshare.net,Female,243.171.1.172
Re-contextualized object-oriented frame,195,Goter,ngoterh8@home.pl,Female,37.200.174.99
Fully-configurable 6th generation emulation,172,Bugge,lbuggeh9@phpbb.com,Male,239.209.95.33
Synchronised upward-trending approach,185,Verity,dverityha@mediafire.com,Female,7.26.117.211
Diverse fault-tolerant flexibility,102,Killick,ckillickhb@wordpress.org,Female,109.205.140.190
Streamlined systemic solution,87,Malshinger,gmalshingerhc@imdb.com,Male,0.52.208.88
Automated demand-driven help-desk,132,Blaksley,sblaksleyhd@ucsd.edu,Female,158.226.66.226
Optimized disintermediate artificial intelligence,196,Hawtry,phawtryhe@netlog.com,Male,112.50.80.103
Multi-layered tangible algorithm,96,Gerholz,fgerholzhf@multiply.com,Female,205.191.206.200
Decentralized web-enabled methodology,148,Rabbage,arabbagehg@weibo.com,Female,36.123.120.207
Organized transitional system engine,72,Rubinowicz,krubinowiczhh@skype.com,Female,111.220.65.111
Right-sized needs-based workforce,165,Corssen,mcorssenhi@hugedomains.com,Male,79.132.178.41
Ameliorated reciprocal projection,33,Theodore,dtheodorehj@technorati.com,Male,33.84.2.242
Face to face bottom-line process improvement,132,Gallihaulk,mgallihaulkhk@ovh.net,Male,179.108.142.153
Innovative methodical standardization,148,Ware,mwarehl@comcast.net,Female,94.31.251.26
Persistent 5th generation approach,170,Balma,sbalmahm@edublogs.org,Female,58.153.207.55
Profit-focused contextually-based alliance,42,Belloch,kbellochhn@gov.uk,Male,245.173.249.125
Fully-configurable optimizing local area network,144,Patrick,hpatrickho@archive.org,Male,193.133.105.122
Horizontal 6th generation flexibility,74,Burnip,mburniphp@cbc.ca,Female,218.4.172.187
User-friendly fault-tolerant database,74,Staneland,bstanelandhq@simplemachines.org,Male,250.102.239.27
Profit-focused empowering infrastructure,40,Bendixen,jbendixenhr@weibo.com,Female,188.232.221.187
Streamlined 24/7 analyzer,75,McCreedy,mmccreedyhs@spotify.com,Female,54.2.45.42
Open-source disintermediate process improvement,47,Fortnum,sfortnumht@stanford.edu,Male,123.169.150.81
Persistent real-time matrices,145,Brindley,dbrindleyhu@wunderground.com,Male,148.147.123.127
Re-contextualized full-range secured line,164,Portman,cportmanhv@kickstarter.com,Female,168.214.179.165
Organized dedicated help-desk,145,Larmouth,flarmouthhw@taobao.com,Male,123.1.150.255
Balanced disintermediate matrices,165,Paige,bpaigehx@reddit.com,Female,164.32.250.86
Assimilated maximized archive,145,Newell,cnewellhy@cbslocal.com,Female,80.169.151.253
Digitized stable encryption,135,Davidovici,sdavidovicihz@weebly.com,Male,160.66.115.176
Fully-configurable high-level collaboration,43,Nund,wnundi0@mozilla.com,Female,112.74.142.2
Mandatory global firmware,125,Laurie,flauriei1@zimbio.com,Female,150.46.68.51
Ameliorated exuding productivity,160,Skylett,uskyletti2@ted.com,Male,144.196.224.187
Re-engineered mobile complexity,155,Priscott,ipriscotti3@webnode.com,Female,30.172.249.181
De-engineered national emulation,160,Bibb,abibbi4@feedburner.com,Male,106.71.133.203
Configurable analyzing support,120,Wellbelove,nwellbelovei5@buzzfeed.com,Male,222.0.141.151
Configurable discrete orchestration,35,Vivian,dviviani6@jugem.jp,Female,106.213.212.41
Quality-focused bottom-line system engine,123,Tiffney,ctiffneyi7@shop-pro.jp,Female,248.119.6.234
Reduced 24/7 customer loyalty,58,Danell,fdanelli8@nsw.gov.au,Female,245.180.31.17
Streamlined hybrid approach,135,Scheffel,gscheffeli9@ucla.edu,Female,43.6.155.157
Organized 4th generation utilisation,36,Inglesant,ginglesantia@blinklist.com,Male,34.41.112.79
Centralized 24 hour orchestration,165,Horsell,ehorsellib@nydailynews.com,Male,184.105.74.115
Fundamental clear-thinking encoding,35,McComiskey,mmccomiskeyic@networksolutions.com,Male,222.72.68.225
Robust contextually-based superstructure,160,Georger,sgeorgerid@godaddy.com,Male,217.6.241.218
Quality-focused solution-oriented Graphical User Interface,116,Peiro,epeiroie@naver.com,Female,170.123.1.114
Monitored even-keeled knowledge user,36,Arsey,rarseyif@list-manage.com,Female,58.212.217.119
Versatile zero tolerance conglomeration,117,Pendergrast,gpendergrastig@yolasite.com,Female,71.51.118.142
Operative high-level database,58,Scogings,kscogingsih@xrea.com,Female,117.130.115.238
Business-focused optimal monitoring,35,Murfin,mmurfinii@163.com,Male,220.200.229.239
Secured optimal open system,108,Mockford,amockfordij@dailymail.co.uk,Male,236.166.227.5
Advanced next generation Graphic Interface,126,Munkley,jmunkleyik@tumblr.com,Male,121.63.31.230
Profound user-facing archive,56,Kirk,akirkil@instagram.com,Male,164.102.127.169
Balanced impactful application,150,Wratten,lwrattenim@so-net.ne.jp,Male,21.83.84.72
Phased scalable support,69,Phetteplace,cphetteplacein@quantcast.com,Male,232.7.139.209
Robust multimedia algorithm,108,Pennock,dpennockio@pbs.org,Female,254.40.115.152
Customer-focused empowering website,140,Woofendell,mwoofendellip@macromedia.com,Female,141.222.57.208
Robust well-modulated open architecture,195,Copcott,ecopcottiq@t.co,Male,159.39.51.109
Programmable reciprocal standardization,195,Wakelin,pwakelinir@moonfruit.com,Female,236.231.34.46
Programmable 5th generation attitude,108,Tadlow,ktadlowis@hubpages.com,Female,144.3.128.137
Digitized local process improvement,140,Daymond,ldaymondit@upenn.edu,Female,75.83.73.123
Organic actuating hierarchy,135,Edgeworth,bedgeworthiu@cdc.gov,Female,198.206.122.132
Grass-roots holistic infrastructure,175,Le Barr,clebarriv@nymag.com,Female,88.202.248.34
Public-key bifurcated database,120,Creaney,bcreaneyiw@chronoengine.com,Male,174.38.47.119
Cross-group tertiary leverage,29,Ligerton,rligertonix@dailymotion.com,Female,41.165.143.254
Self-enabling explicit software,124,Bynold,mbynoldiy@tinyurl.com,Male,209.94.194.21
Synergistic maximized attitude,120,Nortunen,tnortuneniz@ycombinator.com,Female,11.116.91.63
Ameliorated multi-tasking middleware,72,Fenn,afennj0@last.fm,Female,29.176.129.21
Distributed non-volatile artificial intelligence,144,Bengoechea,kbengoecheaj1@livejournal.com,Female,92.252.252.212
Progressive national portal,27,Feckey,hfeckeyj2@ycombinator.com,Female,40.144.73.221
Multi-channelled bifurcated task-force,190,Rooms,jroomsj3@rambler.ru,Male,206.249.149.140
Exclusive national circuit,104,Pasticznyk,dpasticznykj4@gnu.org,Male,127.53.129.37
Persistent system-worthy access,62,Potteridge,hpotteridgej5@techcrunch.com,Female,225.230.242.9
Monitored fresh-thinking firmware,33,Swepstone,bswepstonej6@naver.com,Male,240.227.17.46
Innovative solution-oriented solution,37,Waeland,lwaelandj7@alexa.com,Male,31.252.159.19
Quality-focused maximized orchestration,78,Cairns,ecairnsj8@shop-pro.jp,Female,88.107.238.221
De-engineered system-worthy synergy,70,Tschierse,btschiersej9@msu.edu,Female,8.188.229.229
Multi-tiered value-added migration,102,McJarrow,fmcjarrowja@unesco.org,Female,122.16.82.102
Horizontal logistical pricing structure,78,Goldney,bgoldneyjb@wiley.com,Female,138.146.232.236
Cloned solution-oriented core,116,Leggitt,fleggittjc@rediff.com,Female,105.238.248.56
Programmable object-oriented paradigm,185,Compton,fcomptonjd@nps.gov,Male,11.232.188.96
Customizable local Graphical User Interface,172,Tume,rtumeje@fastcompany.com,Female,154.51.34.35
Implemented heuristic support,116,O'Luney,doluneyjf@umn.edu,Male,133.197.103.241
Fundamental dynamic support,54,Booty,hbootyjg@narod.ru,Female,48.52.129.42
Organized leading edge service-desk,105,Tiptaft,atiptaftjh@wikipedia.org,Male,148.211.224.59
Advanced composite task-force,58,Code,acodeji@pinterest.com,Female,198.52.79.94
Advanced directional challenge,150,Noonan,mnoonanjj@cyberchimps.com,Male,62.251.85.245
Cross-platform reciprocal alliance,170,Diddams,ldiddamsjk@ustream.tv,Male,13.204.131.142
Devolved contextually-based open system,195,Gaukroger,jgaukrogerjl@vistaprint.com,Female,73.46.147.212
Upgradable well-modulated framework,175,Brea,sbreajm@netscape.com,Male,165.4.159.188
Operative 24/7 matrices,23,Pellman,zpellmanjn@imageshack.us,Female,122.245.98.27
Decentralized tertiary concept,30,Stallworthy,pstallworthyjo@elpais.com,Female,253.44.13.5
Optional contextually-based database,180,Millwater,mmillwaterjp@canalblog.com,Male,142.120.165.234
Intuitive didactic migration,112,McNabb,mmcnabbjq@yellowbook.com,Male,153.244.116.67
Intuitive eco-centric core,78,Kinkade,fkinkadejr@army.mil,Male,242.100.149.35
Assimilated object-oriented analyzer,36,Rooze,froozejs@prnewswire.com,Female,89.255.72.134
De-engineered transitional open architecture,44,Cherm,schermjt@indiegogo.com,Female,57.212.156.219
Future-proofed motivating open architecture,172,Cossom,mcossomju@tiny.cc,Male,4.139.77.79
Pre-emptive cohesive core,100,Adolphine,vadolphinejv@independent.co.uk,Male,115.81.45.114
Secured logistical service-desk,155,Loddon,sloddonjw@irs.gov,Female,242.191.241.90
Organized high-level solution,29,Danks,kdanksjx@umich.edu,Male,66.198.100.169
Cross-group zero tolerance website,136,Huck,lhuckjy@engadget.com,Female,234.175.137.178
Decentralized intangible parallelism,180,Mailes,gmailesjz@umich.edu,Male,47.38.236.25
Optional non-volatile forecast,30,Klees,bkleesk0@artisteer.com,Female,189.137.135.150
Cross-group 6th generation process improvement,46,Niset,rnisetk1@vistaprint.com,Male,173.242.165.8
Persevering high-level function,93,Yoxall,myoxallk2@studiopress.com,Male,125.55.250.47
Function-based cohesive productivity,36,Delph,sdelphk3@chron.com,Female,154.53.142.187
Integrated eco-centric circuit,120,Heart,mheartk4@unesco.org,Female,218.56.236.146
Distributed discrete knowledge base,140,Anthill,eanthillk5@bizjournals.com,Female,242.106.241.102
Intuitive value-added local area network,40,Bradie,rbradiek6@vistaprint.com,Male,121.16.106.108
User-friendly local local area network,114,Nickoles,rnickolesk7@cisco.com,Female,209.138.89.145
Customer-focused 4th generation algorithm,41,Genthner,jgenthnerk8@theglobeandmail.com,Female,206.166.52.174
Polarised regional array,48,Crace,scracek9@nationalgeographic.com,Female,187.32.81.169
Intuitive exuding archive,100,Beere,sbeereka@ucsd.edu,Female,155.78.183.160
Inverse zero tolerance circuit,60,Follis,dfolliskb@imageshack.us,Female,188.146.89.77
User-friendly high-level parallelism,72,Dillow,xdillowkc@indiegogo.com,Male,26.18.66.102
Synchronised system-worthy success,68,Scrivens,cscrivenskd@adobe.com,Female,18.116.150.215
Quality-focused didactic initiative,105,Stopford,hstopfordke@google.ru,Female,112.72.122.104
User-centric didactic ability,116,Rainville,grainvillekf@loc.gov,Male,226.106.206.168
Integrated didactic implementation,68,Hiddersley,mhiddersleykg@1688.com,Male,199.133.216.44
Universal zero tolerance installation,37,Wilce,hwilcekh@umich.edu,Female,79.136.54.243
Distributed zero defect contingency,105,Murgatroyd,emurgatroydki@go.com,Male,227.61.178.7
Synergistic interactive forecast,96,Daintree,pdaintreekj@arstechnica.com,Female,94.100.138.79
User-centric 5th generation synergy,175,Wilsher,kwilsherkk@example.com,Male,207.58.227.124
Enhanced impactful local area network,111,Cordingly,acordinglykl@berkeley.edu,Female,196.113.242.103
Networked multi-tasking secured line,108,Dowthwaite,gdowthwaitekm@engadget.com,Male,112.185.176.166
Balanced multimedia archive,27,Wanstall,bwanstallkn@dropbox.com,Male,127.70.242.250
Synergistic reciprocal groupware,32,Kunert,lkunertko@biglobe.ne.jp,Female,255.137.151.78
Secured systematic functionalities,136,Drinan,tdrinankp@sun.com,Male,220.129.172.190
Switchable secondary standardization,36,Wickwarth,cwickwarthkq@sohu.com,Male,179.131.88.129
Operative static contingency,84,Aishford,daishfordkr@ning.com,Female,223.134.151.11
Centralized human-resource moderator,72,Geal,dgealks@cmu.edu,Male,193.216.141.21
Managed motivating concept,52,Blazej,vblazejkt@timesonline.co.uk,Male,165.188.81.62
Monitored analyzing encryption,30,Houldey,chouldeyku@disqus.com,Female,235.0.180.172
De-engineered client-driven productivity,160,Tranfield,atranfieldkv@gnu.org,Female,59.1.245.101
User-friendly clear-thinking attitude,185,Tuckley,ltuckleykw@myspace.com,Male,151.36.78.236
Right-sized high-level flexibility,170,Creber,wcreberkx@dedecms.com,Female,182.179.245.10
Business-focused dynamic orchestration,152,Bruford,gbrufordky@amazon.co.jp,Male,72.123.76.184
Grass-roots systematic alliance,62,Hiscoe,rhiscoekz@opera.com,Male,244.24.16.192
Switchable fault-tolerant algorithm,140,Potell,opotelll0@eepurl.com,Female,30.50.24.175
Persevering responsive monitoring,132,Bampkin,dbampkinl1@youku.com,Female,82.12.202.201
Optional web-enabled implementation,140,Cardon,bcardonl2@amazon.com,Male,96.89.133.170
Synergistic clear-thinking success,68,Westraw,fwestrawl3@symantec.com,Female,24.98.230.56
Open-source didactic toolset,140,Piele,rpielel4@geocities.jp,Male,213.181.229.193
Extended zero administration moratorium,195,Massimo,cmassimol5@printfriendly.com,Female,131.217.52.108
Total even-keeled focus group,145,Marner,gmarnerl6@merriam-webster.com,Male,240.145.45.11
Compatible regional matrix,78,Luberto,rlubertol7@jugem.jp,Male,27.127.184.161
Future-proofed mobile success,87,Sigfrid,msigfridl8@de.vu,Female,86.66.76.187
Versatile directional utilisation,99,Plunkett,hplunkettl9@goo.gl,Female,119.122.159.217
Profit-focused secondary collaboration,114,Klammt,mklammtla@blogspot.com,Female,175.22.78.77
Centralized systemic software,116,Mc Corley,cmccorleylb@ibm.com,Female,3.54.255.110
Streamlined high-level conglomeration,185,Mayo,mmayolc@linkedin.com,Male,73.210.135.193
Organic zero administration protocol,108,Stallion,dstallionld@cbc.ca,Female,162.135.122.234
Stand-alone modular collaboration,165,Missington,hmissingtonle@businesswire.com,Male,254.241.41.110
Open-source dedicated policy,56,Di Carlo,gdicarlolf@free.fr,Female,28.106.202.253
Configurable 3rd generation solution,36,Jerratsch,gjerratschlg@time.com,Female,204.67.232.228
Team-oriented full-range benchmark,34,Dorn,rdornlh@fda.gov,Female,154.35.247.138
Adaptive responsive firmware,84,Ord,cordli@wikispaces.com,Female,227.216.6.127
Quality-focused neutral website,62,Varfolomeev,ivarfolomeevlj@discovery.com,Female,35.69.15.37
Multi-layered 5th generation superstructure,86,Driffill,kdriffilllk@youtu.be,Male,121.202.184.124
Persevering encompassing workforce,170,Frazer,cfrazerll@mediafire.com,Male,160.125.255.133
Visionary client-server solution,32,Gumme,cgummelm@wordpress.org,Male,230.178.73.208
Innovative intermediate extranet,160,Edmett,tedmettln@people.com.cn,Female,145.209.238.11
Compatible exuding emulation,140,Gianiello,jgianiellolo@furl.net,Male,250.83.154.77
Open-architected non-volatile access,144,Rivalant,krivalantlp@addtoany.com,Male,208.52.21.8
Customer-focused bi-directional intranet,120,Bedboro,obedborolq@sourceforge.net,Male,94.208.165.236
Automated logistical time-frame,124,Westmarland,wwestmarlandlr@etsy.com,Male,154.235.128.164
Exclusive hybrid knowledge base,155,Admans,gadmansls@washington.edu,Male,46.242.241.1
Future-proofed mission-critical Graphical User Interface,56,Shimman,jshimmanlt@blogger.com,Female,194.44.100.177
Robust reciprocal model,46,Bellchamber,bbellchamberlu@nba.com,Female,239.126.23.218
Front-line neutral knowledge base,132,Flew,fflewlv@list-manage.com,Male,126.173.87.249
Re-contextualized bifurcated artificial intelligence,156,Killiam,ekilliamlw@dailymotion.com,Male,63.163.148.13
Automated 5th generation adapter,160,Sowood,psowoodlx@businesswire.com,Female,8.123.33.244
Polarised analyzing moderator,29,Durrant,edurrantly@smh.com.au,Female,52.125.109.254
Quality-focused transitional frame,136,Cubin,tcubinlz@flavors.me,Female,3.175.31.220
Diverse systemic framework,78,Branston,mbranstonm0@people.com.cn,Male,242.74.187.252
Phased regional methodology,81,Alaway,malawaym1@goodreads.com,Female,60.86.141.102
Diverse fresh-thinking hierarchy,128,Bowell,gbowellm2@bbc.co.uk,Male,104.153.186.111
Devolved user-facing alliance,58,Coldicott,bcoldicottm3@livejournal.com,Male,177.53.27.190
Vision-oriented tertiary help-desk,136,Saxon,tsaxonm4@springer.com,Male,231.128.9.14
Organic background contingency,150,Selwood,hselwoodm5@webs.com,Male,143.190.54.53
Function-based reciprocal local area network,88,Wipper,mwipperm6@jimdo.com,Female,109.138.36.240
Self-enabling composite monitoring,34,Boynton,mboyntonm7@army.mil,Male,202.100.183.96
Fully-configurable human-resource standardization,245,Rigg,ariggm8@globo.com,Female,183.218.92.16
Business-focused intermediate synergy,148,Rude,hrudem9@nih.gov,Female,68.61.157.236
Versatile heuristic hub,115,Bolesma,abolesmama@bizjournals.com,Female,159.241.120.108
Re-contextualized leading edge protocol,156,Firks,lfirksmb@java.com,Female,77.170.184.194
Organic leading edge intranet,87,Cummings,scummingsmc@yellowpages.com,Female,52.155.196.186
Public-key empowering functionalities,111,Cradick,scradickmd@washington.edu,Female,80.62.253.91
Business-focused explicit hierarchy,140,Durdy,hdurdyme@slideshare.net,Male,75.86.150.37
Persistent modular conglomeration,66,Ovitts,bovittsmf@cornell.edu,Male,191.230.130.78
Diverse reciprocal open system,90,Quantrill,aquantrillmg@dropbox.com,Female,14.157.170.94
Optimized content-based hardware,128,Melsom,amelsommh@cbc.ca,Male,49.55.136.229
Monitored multi-tasking application,175,Dufore,eduforemi@harvard.edu,Female,149.221.79.43
Streamlined grid-enabled neural-net,175,Mattacks,omattacksmj@illinois.edu,Female,154.172.79.25
Automated empowering forecast,87,Ovett,vovettmk@qq.com,Male,208.77.244.194
Self-enabling client-driven complexity,190,Mathwin,nmathwinml@shareasale.com,Male,22.7.80.152
Universal high-level access,81,Goulbourne,kgoulbournemm@gizmodo.com,Male,109.2.233.109
Re-contextualized system-worthy strategy,40,Allwright,nallwrightmn@wunderground.com,Male,1.134.247.253
Open-architected explicit toolset,66,Bahl,fbahlmo@reverbnation.com,Female,87.96.65.46
Reactive non-volatile concept,29,Wolstenholme,bwolstenholmemp@e-recht24.de,Male,226.217.132.160
Re-engineered attitude-oriented customer loyalty,96,Beautyman,jbeautymanmq@businessweek.com,Female,168.158.108.92
Front-line holistic protocol,140,Stansfield,rstansfieldmr@pinterest.com,Female,133.212.59.217
Digitized empowering neural-net,62,Eydel,aeydelms@mashable.com,Male,105.108.131.230
Extended bi-directional instruction set,156,O'Criane,locrianemt@mozilla.org,Female,251.58.141.187
Vision-oriented discrete knowledge base,156,Tollit,stollitmu@mediafire.com,Male,55.249.3.37
Self-enabling eco-centric extranet,136,Caustic,ccausticmv@guardian.co.uk,Male,253.45.117.65
Business-focused empowering leverage,180,Sharman,rsharmanmw@boston.com,Male,66.113.243.125
Centralized 24 hour system engine,66,Dumberrill,rdumberrillmx@wikia.com,Female,253.246.126.23
Distributed intermediate support,32,Braunds,dbraundsmy@tripadvisor.com,Female,81.108.147.219
Switchable leading edge ability,93,Dudderidge,sdudderidgemz@shop-pro.jp,Female,187.55.69.172
User-friendly disintermediate success,148,Sparling,msparlingn0@delicious.com,Male,41.244.70.195
Synchronised heuristic standardization,152,Olufsen,eolufsenn1@usgs.gov,Female,85.233.18.196
Function-based even-keeled task-force,185,Keniwell,mkeniwelln2@google.ca,Male,173.21.133.3
Inverse zero defect capacity,112,Swatridge,rswatridgen3@mapy.cz,Female,31.190.195.51
Multi-channelled contextually-based paradigm,44,Mellish,bmellishn4@plala.or.jp,Female,155.22.175.238
Ameliorated transitional framework,136,Delgardillo,mdelgardillon5@unicef.org,Male,66.148.141.231
Multi-lateral intermediate customer loyalty,86,Leeves,gleevesn6@typepad.com,Male,37.174.252.86
Organic systemic implementation,124,Burnage,wburnagen7@scribd.com,Female,102.30.238.128
Balanced homogeneous budgetary management,164,Postians,upostiansn8@live.com,Female,67.102.209.229
Realigned responsive process improvement,120,Symmons,esymmonsn9@illinois.edu,Female,36.146.247.249
Integrated disintermediate function,35,Vasenin,gvaseninna@fotki.com,Female,226.147.236.17
Triple-buffered systematic Graphical User Interface,204,Prugel,bprugelnb@i2i.jp,Male,94.85.254.71
Reduced cohesive model,22,Dittson,ldittsonnc@noaa.gov,Male,181.145.103.3
Ameliorated logistical leverage,31,McLeese,smcleesend@histats.com,Female,79.30.168.138
Multi-tiered asynchronous middleware,144,Rubinow,qrubinowne@chron.com,Female,167.97.7.104
Object-based 5th generation extranet,36,Maysor,dmaysornf@princeton.edu,Female,238.201.95.186
Synchronised fresh-thinking extranet,180,Merriment,zmerrimentng@a8.net,Male,93.51.194.108
Exclusive exuding capacity,130,Fearneley,efearneleynh@goodreads.com,Female,129.73.99.133
Up-sized contextually-based emulation,111,Notton,snottonni@edublogs.org,Female,45.212.158.174
Phased needs-based help-desk,28,Shere,asherenj@cbslocal.com,Female,228.190.168.79
Synergized content-based database,132,Plitz,mplitznk@mediafire.com,Male,227.234.217.145
Extended real-time Graphic Interface,144,Proschek,vproscheknl@comsenz.com,Female,20.234.249.18
Synergized executive moratorium,155,McGennis,fmcgennisnm@baidu.com,Male,18.173.210.114
Up-sized non-volatile artificial intelligence,180,Yakubovich,gyakubovichnn@state.tx.us,Female,93.82.216.97
Intuitive grid-enabled open system,102,Dudhill,sdudhillno@princeton.edu,Female,158.13.119.49
Optimized needs-based collaboration,35,Byrcher,lbyrchernp@bloomberg.com,Female,81.69.102.119
Switchable systematic throughput,160,Maes,jmaesnq@360.cn,Male,213.62.161.252
Versatile logistical capability,31,Braunston,tbraunstonnr@bloglines.com,Male,208.124.169.247
Reverse-engineered optimal complexity,148,Pring,bpringns@chron.com,Male,100.166.182.149
Profit-focused logistical framework,140,Boller,abollernt@ustream.tv,Male,180.204.3.46
Persistent multi-tasking orchestration,114,Dalrymple,wdalrymplenu@constantcontact.com,Female,231.49.62.88
Grass-roots maximized productivity,102,Killwick,fkillwicknv@ameblo.jp,Male,188.240.176.126
Fundamental actuating policy,56,Barbe,hbarbenw@epa.gov,Female,105.106.183.57
Multi-lateral client-driven methodology,117,Domeny,ddomenynx@wunderground.com,Male,87.34.177.122
Assimilated multi-state monitoring,34,Lyptrit,jlyptritny@edublogs.org,Female,107.212.176.83
Multi-lateral zero tolerance neural-net,39,MacWhirter,bmacwhirternz@amazon.co.uk,Male,226.11.73.205
Multi-layered empowering success,32,Judson,rjudsono0@addtoany.com,Male,6.173.221.108
Organized neutral info-mediaries,128,Jurczik,sjurcziko1@behance.net,Female,141.185.99.145
Streamlined demand-driven internet solution,86,Cotterrill,ecotterrillo2@kickstarter.com,Male,92.203.217.241
Function-based holistic instruction set,195,Novotni,inovotnio3@globo.com,Female,61.83.143.91
Pre-emptive hybrid info-mediaries,33,Sporton,csportono4@irs.gov,Male,30.187.96.203
Object-based empowering artificial intelligence,47,Garrattley,mgarrattleyo5@psu.edu,Female,36.98.27.73
Function-based grid-enabled knowledge base,168,Glidden,hgliddeno6@myspace.com,Female,178.253.184.7
Multi-layered modular productivity,34,Slaughter,aslaughtero7@addtoany.com,Female,238.238.136.166
Inverse web-enabled hardware,140,Hissie,phissieo8@ask.com,Female,64.219.88.85
Compatible demand-driven extranet,33,Ciccottini,kciccottinio9@mlb.com,Female,164.224.102.102
Re-engineered multi-tasking functionalities,172,Biscomb,pbiscomboa@about.me,Female,79.77.7.147
Quality-focused 5th generation concept,38,Paute,mpauteob@tinypic.com,Male,135.104.28.4
Sharable dynamic model,22,Mattys,cmattysoc@buzzfeed.com,Female,87.3.140.168
Profound attitude-oriented architecture,156,Dunkinson,ldunkinsonod@123-reg.co.uk,Male,50.234.8.200
Business-focused 24/7 matrix,56,Laidler,elaidleroe@comcast.net,Female,96.141.0.71
Advanced intangible challenge,58,Randalston,rrandalstonof@meetup.com,Female,160.5.127.130
Horizontal homogeneous open system,34,Dedrick,cdedrickog@state.gov,Female,141.247.8.156
Innovative uniform pricing structure,36,Symson,tsymsonoh@google.com,Male,146.78.255.114
Optimized eco-centric flexibility,165,Ivakhin,mivakhinoi@hubpages.com,Female,178.53.215.191
Up-sized full-range portal,130,Escalero,nescalerooj@marketwatch.com,Male,136.201.121.82
Programmable tertiary open architecture,195,Belliss,abellissok@patch.com,Female,142.31.240.120
Cloned client-server database,58,Inston,jinstonol@craigslist.org,Female,135.93.24.121
Vision-oriented object-oriented framework,164,Woodhall,rwoodhallom@homestead.com,Female,46.71.174.63
Reactive 6th generation functionalities,156,Fawson,bfawsonon@reference.com,Female,91.251.252.120
Sharable composite concept,26,Baigent,dbaigentoo@hatena.ne.jp,Female,74.243.251.38
Profound local software,23,Inch,sinchop@usnews.com,Male,126.164.147.148
Customizable bi-directional standardization,215,Curror,vcurroroq@princeton.edu,Female,117.4.83.2
Decentralized explicit knowledge base,148,Beadnall,cbeadnallor@jiathis.com,Female,130.228.117.6
Upgradable dedicated moderator,120,Rutledge,erutledgeos@gizmodo.com,Male,225.54.78.253
Balanced systematic pricing structure,148,Denney,adenneyot@multiply.com,Female,255.100.155.182
Enhanced high-level archive,27,Bazelle,rbazelleou@facebook.com,Female,120.34.155.23
Visionary value-added capacity,90,Asals,basalsov@whitehouse.gov,Male,7.99.43.253
Front-line responsive hub,100,Gandley,lgandleyow@epa.gov,Female,156.18.98.91
Team-oriented disintermediate solution,190,Bankhurst,abankhurstox@techcrunch.com,Female,35.176.193.132
Balanced context-sensitive interface,72,Salzberg,bsalzbergoy@multiply.com,Male,205.1.52.217
Proactive intangible service-desk,33,Blunsum,rblunsumoz@dot.gov,Female,200.208.226.101
Future-proofed stable Graphical User Interface,46,Mutimer,dmutimerp0@pinterest.com,Male,34.224.241.30
Cross-platform fault-tolerant challenge,78,Teffrey,ateffreyp1@zimbio.com,Female,76.123.214.150
Switchable global process improvement,74,Jearum,tjearump2@elpais.com,Female,119.1.39.119
Inverse zero administration functionalities,172,Frankowski,hfrankowskip3@usgs.gov,Female,55.16.246.15
Extended radical synergy,48,Han,jhanp4@rediff.com,Female,30.121.193.161
Right-sized content-based groupware,140,Rabbe,krabbep5@pinterest.com,Female,53.127.197.80
Programmable foreground archive,62,Kleynen,dkleynenp6@mediafire.com,Female,14.153.52.64
Up-sized background hierarchy,58,Tuhy,ntuhyp7@yellowbook.com,Male,38.102.25.8
Polarised clear-thinking infrastructure,78,Querrard,aquerrardp8@businessweek.com,Female,145.188.99.19
Total intangible methodology,140,Carette,fcarettep9@deviantart.com,Female,126.87.173.195
Profit-focused didactic software,96,Currum,scurrumpa@live.com,Male,62.232.233.161
Focused coherent software,100,Aldins,galdinspb@ucla.edu,Female,219.183.232.118
Organic impactful benchmark,135,Axelbey,gaxelbeypc@list-manage.com,Female,36.27.108.36
Object-based well-modulated synergy,105,Errichelli,perrichellipd@go.com,Male,194.108.91.219
Synchronised motivating application,35,Bentson,nbentsonpe@slashdot.org,Female,207.26.84.232
Profit-focused dynamic alliance,124,McHenry,dmchenrypf@shinystat.com,Female,232.30.163.215
Digitized encompassing solution,155,Kiezler,dkiezlerpg@businesswire.com,Male,107.253.194.127
Public-key local support,24,Kilmary,gkilmaryph@microsoft.com,Male,19.160.161.23
Phased multi-tasking support,28,Olenikov,jolenikovpi@geocities.com,Male,200.78.115.50
Streamlined transitional monitoring,35,McCoughan,rmccoughanpj@accuweather.com,Female,46.67.37.114
Visionary eco-centric customer loyalty,76,Pilfold,hpilfoldpk@hud.gov,Female,218.232.69.156
Balanced exuding strategy,100,Zimmermanns,rzimmermannspl@slashdot.org,Male,64.164.101.131
Cross-platform responsive standardization,205,Dobbin,fdobbinpm@goo.gl,Female,199.225.97.122
Seamless static website,115,Elcocks,kelcockspn@wikia.com,Male,153.129.246.39
Compatible maximized structure,60,Dumblton,gdumbltonpo@telegraph.co.uk,Female,24.133.138.42
Configurable full-range Graphic Interface,123,Kinsey,hkinseypp@vinaora.com,Male,125.132.190.126
Self-enabling encompassing Graphic Interface,220,Thornton,mthorntonpq@printfriendly.com,Male,181.55.113.68
Synergized eco-centric open architecture,120,Broadey,zbroadeypr@a8.net,Female,41.1.177.26
Monitored upward-trending customer loyalty,42,Coniff,aconiffps@jugem.jp,Male,230.50.193.117
Implemented impactful adapter,58,McKniely,omcknielypt@dedecms.com,Female,107.228.130.247
User-friendly leading edge conglomeration,123,Diwell,udiwellpu@mysql.com,Female,182.48.70.16
Reactive context-sensitive functionalities,168,Matuszynski,bmatuszynskipv@home.pl,Male,179.125.168.18
Devolved cohesive model,115,Jumel,ijumelpw@wikipedia.org,Male,16.164.26.186
Triple-buffered asynchronous circuit,180,Currao,ecurraopx@cnbc.com,Male,201.195.167.249
Configurable human-resource algorithm,148,Northey,cnortheypy@cdc.gov,Female,237.28.210.94
Open-source methodical Graphical User Interface,94,Aberdalgy,haberdalgypz@opera.com,Female,231.147.221.120
Integrated directional access,145,Noddle,tnoddleq0@ovh.net,Female,86.15.167.99
Stand-alone asynchronous artificial intelligence,240,Benzie,cbenzieq1@rediff.com,Male,238.247.90.201
Networked reciprocal challenge,120,Irnis,iirnisq2@upenn.edu,Female,70.63.43.181
Team-oriented clear-thinking attitude,148,Lashbrook,nlashbrookq3@opensource.org,Male,3.235.90.78
Multi-layered context-sensitive core,72,Wetherald,cwetheraldq4@shareasale.com,Male,45.197.121.215
Vision-oriented stable internet solution,40,Volker,avolkerq5@ed.gov,Male,94.251.198.252
Adaptive transitional implementation,180,Surmon,gsurmonq6@europa.eu,Female,71.55.113.40
Re-engineered national extranet,124,Chifney,fchifneyq7@topsy.com,Male,227.85.105.63
User-friendly disintermediate instruction set,135,Kleinmann,rkleinmannq8@cpanel.net,Male,83.68.205.63
Visionary hybrid frame,44,Duffin,cduffinq9@opensource.org,Female,91.133.7.98
Organized intermediate attitude,93,McCafferty,hmccaffertyqa@google.de,Male,16.6.33.185
Robust heuristic hierarchy,130,Stryde,ystrydeqb@elpais.com,Male,30.120.131.95
Synergistic logistical budgetary management,215,Fletcher,cfletcherqc@economist.com,Female,247.85.144.103
Self-enabling mobile emulation,150,Cholerton,gcholertonqd@upenn.edu,Female,218.140.141.90
Innovative multi-tasking architecture,37,Eastmond,jeastmondqe@quantcast.com,Male,213.233.105.249
Down-sized fresh-thinking neural-net,144,Bark,abarkqf@twitpic.com,Female,18.246.160.13
Triple-buffered multi-tasking array,35,Bachs,cbachsqg@boston.com,Female,169.163.218.194
Down-sized analyzing instruction set,108,Reburn,kreburnqh@msn.com,Female,155.83.61.85
Phased reciprocal leverage,104,Flinders,dflindersqi@globo.com,Male,19.143.136.1
De-engineered non-volatile Graphical User Interface,102,Janik,ajanikqj@irs.gov,Female,230.124.88.179
Down-sized bifurcated utilisation,165,Beceril,dbecerilqk@answers.com,Male,78.19.22.74
Digitized asynchronous moratorium,99,MacConnel,jmacconnelql@alibaba.com,Female,21.193.80.21
Focused 5th generation throughput,33,McCuish,nmccuishqm@reddit.com,Male,30.121.125.253
Polarised optimizing database,87,Bowland,abowlandqn@rakuten.co.jp,Female,99.22.137.204
Cross-group user-facing software,128,Budge,abudgeqo@bloglovin.com,Male,120.8.209.108
Integrated demand-driven database,165,Stockow,lstockowqp@constantcontact.com,Male,173.135.39.176
Persevering directional benchmark,33,Owers,towersqq@blogger.com,Male,235.170.39.179
Multi-tiered empowering approach,128,Glancey,mglanceyqr@tmall.com,Female,209.58.153.193
Re-engineered mobile focus group,160,Schoroder,rschoroderqs@sun.com,Male,243.75.1.135
Managed systematic parallelism,120,Pettipher,lpettipherqt@nsw.gov.au,Female,214.253.116.226
Monitored cohesive alliance,108,Jacobssen,fjacobssenqu@cnet.com,Female,35.193.113.195
Organic multimedia knowledge user,165,Cartmill,bcartmillqv@digg.com,Female,253.103.215.223
Down-sized solution-oriented array,170,Conyers,pconyersqw@telegraph.co.uk,Female,62.203.220.18
Operative analyzing portal,78,Van Arsdall,dvanarsdallqx@prnewswire.com,Male,8.11.175.176
Optional 4th generation attitude,96,Bittlestone,rbittlestoneqy@goodreads.com,Male,128.174.216.75
Re-contextualized solution-oriented array,164,Warboys,jwarboysqz@joomla.org,Female,174.22.220.134
Operative attitude-oriented Graphic Interface,45,Batisse,abatisser0@t.co,Male,153.47.210.77
Robust solution-oriented concept,96,Hurdedge,ghurdedger1@diigo.com,Female,173.188.20.153
Ergonomic empowering leverage,29,Brideoke,nbrideoker2@hp.com,Male,120.121.148.17
Pre-emptive multimedia installation,175,Langsbury,slangsburyr3@icq.com,Female,222.9.186.7
Switchable holistic moratorium,150,Monkton,cmonktonr4@xrea.com,Male,185.84.209.45
Adaptive systemic synergy,75,Fernie,bfernier5@nationalgeographic.com,Male,183.22.54.33
Managed fault-tolerant success,60,Moxted,dmoxtedr6@pagesperso-orange.fr,Male,9.8.111.182
Integrated 24/7 neural-net,26,Gullyes,cgullyesr7@1688.com,Female,211.102.184.241
Visionary logistical task-force,124,Joppich,djoppichr8@de.vu,Female,198.87.103.126
Versatile homogeneous installation,170,Christofides,cchristofidesr9@epa.gov,Female,93.37.195.190
Self-enabling zero defect website,66,Louisot,klouisotra@slideshare.net,Female,197.47.0.54
Future-proofed foreground budgetary management,92,Bone,dbonerb@redcross.org,Female,143.216.202.90
Visionary value-added encryption,64,Stoltz,tstoltzrc@youku.com,Male,64.5.28.171
Proactive homogeneous synergy,87,Heineke,nheinekerd@etsy.com,Female,185.179.97.34
Synergistic mission-critical conglomeration,172,Challenger,echallengerre@drupal.org,Female,47.165.104.176
Automated holistic system engine,160,Feldmark,jfeldmarkrf@nymag.com,Male,8.53.82.253
Programmable tangible parallelism,132,Greiswood,mgreiswoodrg@cmu.edu,Female,58.175.226.116
Team-oriented heuristic Graphic Interface,123,Thurley,sthurleyrh@istockphoto.com,Male,79.57.27.160
Managed background open system,150,Tames,ltamesri@who.int,Male,245.130.125.149
Polarised empowering matrices,87,Izakof,tizakofrj@amazon.de,Female,106.15.214.130
Decentralized logistical instruction set,80,Blaine,vblainerk@earthlink.net,Male,189.11.136.81
Multi-lateral mission-critical throughput,41,Marcoolyn,mmarcoolynrl@unesco.org,Female,66.246.224.195
Sharable human-resource matrix,30,McSkeagan,amcskeaganrm@oakley.com,Female,34.114.225.28
Reverse-engineered composite architecture,205,Vizard,pvizardrn@t.co,Female,39.114.197.87
Secured mobile instruction set,90,Roddick,troddickro@artisteer.com,Female,202.136.168.75
Enhanced encompassing challenge,124,Dusting,mdustingrp@oaic.gov.au,Male,26.209.74.172
Up-sized dynamic circuit,48,Driussi,sdriussirq@pagesperso-orange.fr,Female,83.203.120.207
Cross-group contextually-based methodology,168,Semkins,asemkinsrr@soundcloud.com,Female,113.193.214.220
